class,x_center,y_center,width,height,confidence,frame
0,0.519,0.474,0.064,0.102,0.85,1
0,0.517,0.479,0.066,0.111,0.855,2
0,0.515,0.485,0.066,0.114,0.857,3
0,0.514,0.492,0.065,0.11,0.857,4
0,0.513,0.496,0.064,0.108,0.852,5
0,0.512,0.499,0.066,0.108,0.854,6
0,0.51,0.502,0.065,0.103,0.849,7
0,0.509,0.504,0.065,0.106,0.86,8
0,0.508,0.507,0.064,0.105,0.86,9
0,0.508,0.508,0.064,0.106,0.852,10
0,0.509,0.507,0.065,0.106,0.861,11
0,0.508,0.507,0.063,0.105,0.86,12
0,0.51,0.507,0.061,0.103,0.861,13
0,0.511,0.505,0.06,0.103,0.859,14
0,0.512,0.505,0.06,0.102,0.857,15
0,0.512,0.504,0.06,0.103,0.852,16
0,0.514,0.503,0.058,0.1,0.836,17
0,0.516,0.5,0.056,0.099,0.834,18
0,0.516,0.497,0.054,0.097,0.836,19
0,0.517,0.494,0.055,0.101,0.836,20
0,0.517,0.491,0.054,0.1,0.829,21
0,0.519,0.487,0.056,0.102,0.821,22
0,0.517,0.482,0.053,0.099,0.798,23
0,0.519,0.477,0.055,0.098,0.789,24
0,0.518,0.473,0.053,0.094,0.814,25
0,0.519,0.468,0.05,0.093,0.812,26
0,0.518,0.463,0.049,0.093,0.827,27
0,0.516,0.461,0.048,0.091,0.827,28
0,0.515,0.457,0.046,0.092,0.852,29
0,0.515,0.455,0.043,0.094,0.837,30
0,0.514,0.451,0.04,0.097,0.819,31
0,0.514,0.448,0.041,0.099,0.806,32
0,0.512,0.452,0.041,0.097,0.835,33
0,0.512,0.454,0.041,0.097,0.852,34
0,0.51,0.461,0.037,0.09,0.809,35
0,0.509,0.464,0.037,0.087,0.816,36
0,0.507,0.476,0.038,0.1,0.775,37
0,0.505,0.483,0.038,0.092,0.778,38
0,0.502,0.489,0.037,0.093,0.823,39
0,0.5,0.499,0.036,0.091,0.818,40
0,0.499,0.507,0.036,0.095,0.785,41
0,0.498,0.513,0.037,0.095,0.732,42
0,0.496,0.523,0.035,0.098,0.778,43
0,0.495,0.532,0.034,0.094,0.839,44
0,0.493,0.539,0.034,0.092,0.828,45
0,0.493,0.545,0.033,0.094,0.779,46
0,0.492,0.549,0.035,0.097,0.762,47
0,0.491,0.56,0.036,0.105,0.756,48
0,0.49,0.566,0.037,0.102,0.785,49
0,0.489,0.581,0.038,0.098,0.818,50
0,0.489,0.589,0.041,0.104,0.796,51
0,0.489,0.598,0.039,0.107,0.782,52
0,0.488,0.612,0.04,0.109,0.834,53
0,0.487,0.624,0.042,0.106,0.805,54
0,0.486,0.635,0.043,0.113,0.78,55
0,0.485,0.651,0.046,0.113,0.835,56
0,0.486,0.662,0.045,0.109,0.807,57
0,0.485,0.671,0.047,0.109,0.802,58
0,0.484,0.687,0.048,0.115,0.84,59
0,0.484,0.697,0.049,0.109,0.819,60
0,0.484,0.704,0.048,0.112,0.787,61
0,0.483,0.707,0.051,0.115,0.782,62
0,0.482,0.708,0.052,0.115,0.797,63
0,0.481,0.709,0.052,0.111,0.804,64
0,0.48,0.707,0.052,0.112,0.778,65
0,0.48,0.702,0.053,0.108,0.805,66
0,0.478,0.696,0.054,0.106,0.815,67
0,0.476,0.688,0.055,0.112,0.835,68
0,0.475,0.676,0.053,0.115,0.814,69
0,0.474,0.664,0.054,0.11,0.795,70
0,0.474,0.654,0.052,0.11,0.809,71
0,0.473,0.642,0.053,0.106,0.83,72
0,0.473,0.633,0.053,0.11,0.788,73
0,0.472,0.623,0.051,0.103,0.788,74
0,0.472,0.615,0.052,0.107,0.832,75
0,0.472,0.606,0.054,0.105,0.84,76
0,0.471,0.602,0.055,0.103,0.822,77
0,0.471,0.599,0.055,0.104,0.808,78
0,0.472,0.593,0.054,0.103,0.795,79
0,0.472,0.59,0.053,0.097,0.781,80
0,0.473,0.586,0.055,0.101,0.778,81
0,0.473,0.582,0.053,0.097,0.806,82
0,0.473,0.578,0.053,0.094,0.827,83
0,0.474,0.573,0.052,0.093,0.838,84
0,0.476,0.566,0.053,0.096,0.84,85
0,0.477,0.562,0.054,0.095,0.837,86
0,0.478,0.56,0.054,0.091,0.827,87
0,0.478,0.555,0.056,0.093,0.822,88
0,0.48,0.553,0.055,0.092,0.827,89
0,0.481,0.551,0.054,0.09,0.831,90
0,0.482,0.55,0.053,0.09,0.832,91
0,0.483,0.549,0.053,0.09,0.843,92
0,0.483,0.551,0.055,0.085,0.855,93
0,0.485,0.549,0.052,0.089,0.856,94
0,0.485,0.548,0.052,0.09,0.847,95
0,0.485,0.549,0.052,0.088,0.853,96
0,0.486,0.55,0.052,0.09,0.861,97
0,0.487,0.549,0.054,0.09,0.856,98
0,0.486,0.55,0.053,0.087,0.864,99
0,0.485,0.549,0.052,0.087,0.859,100
0,0.484,0.549,0.056,0.089,0.863,101
0,0.485,0.548,0.053,0.09,0.838,102
0,0.484,0.546,0.054,0.089,0.849,103
0,0.483,0.545,0.054,0.089,0.851,104
0,0.483,0.545,0.053,0.086,0.846,105
0,0.481,0.544,0.056,0.089,0.846,106
0,0.48,0.544,0.057,0.089,0.859,107
0,0.48,0.545,0.057,0.09,0.855,108
0,0.479,0.547,0.059,0.092,0.833,109
0,0.479,0.549,0.058,0.09,0.842,110
0,0.479,0.551,0.059,0.091,0.844,111
0,0.48,0.554,0.058,0.093,0.844,112
0,0.48,0.558,0.057,0.091,0.824,113
0,0.48,0.563,0.058,0.09,0.841,114
0,0.48,0.568,0.057,0.094,0.835,115
0,0.48,0.573,0.057,0.086,0.855,116
0,0.479,0.575,0.058,0.087,0.858,117
0,0.479,0.578,0.058,0.089,0.854,118
0,0.478,0.581,0.057,0.089,0.854,119
0,0.476,0.582,0.059,0.091,0.818,120
0,0.465,0.58,0.08,0.099,0.835,121
0,0.46,0.581,0.088,0.108,0.798,122
0,0.459,0.573,0.085,0.105,0.794,123
0,0.461,0.568,0.076,0.09,0.839,124
0,0.46,0.564,0.078,0.105,0.519,125
0,0.457,0.552,0.092,0.105,0.557,126
0,0.47,0.545,0.07,0.1,0.737,127
0,0.474,0.537,0.054,0.084,0.715,128
0,0.475,0.534,0.059,0.09,0.445,129
0,0.017,0.947,0.034,0.106,0.768,130
0,0.474,0.524,0.069,0.111,0.593,131
0,0.477,0.522,0.064,0.095,0.749,132
0,0.479,0.526,0.059,0.089,0.61,133
0,0.476,0.526,0.07,0.097,0.772,134
0,0.478,0.529,0.079,0.107,0.803,135
0,0.492,0.54,0.064,0.091,0.814,136
0,0.5,0.546,0.067,0.1,0.813,137
0,0.497,0.551,0.069,0.1,0.807,138
0,0.499,0.567,0.064,0.091,0.795,139
0,0.502,0.575,0.063,0.089,0.818,140
0,0.499,0.58,0.061,0.095,0.765,141
0,0.498,0.585,0.06,0.096,0.736,142
0,0.498,0.59,0.062,0.102,0.733,143
0,0.498,0.588,0.058,0.093,0.711,144
0,0.497,0.589,0.058,0.094,0.785,145
0,0.496,0.594,0.058,0.088,0.805,146
0,0.496,0.595,0.057,0.085,0.818,147
0,0.495,0.601,0.059,0.083,0.802,148
0,0.493,0.604,0.056,0.079,0.842,149
0,0.492,0.603,0.058,0.084,0.846,150
0,0.49,0.598,0.06,0.093,0.852,151
0,0.487,0.596,0.06,0.092,0.823,152
0,0.486,0.593,0.061,0.094,0.812,153
0,0.484,0.594,0.062,0.096,0.846,154
0,0.484,0.593,0.063,0.096,0.814,155
0,0.482,0.59,0.059,0.1,0.836,156
0,0.482,0.59,0.057,0.097,0.854,157
0,0.483,0.589,0.055,0.092,0.841,158
0,0.481,0.587,0.058,0.093,0.858,159
0,0.479,0.584,0.06,0.092,0.854,160
0,0.479,0.579,0.061,0.097,0.873,161
0,0.479,0.575,0.062,0.095,0.869,162
0,0.477,0.571,0.064,0.093,0.85,163
0,0.477,0.563,0.065,0.104,0.849,164
0,0.478,0.556,0.063,0.099,0.818,165
0,0.479,0.55,0.062,0.096,0.822,166
0,0.478,0.548,0.062,0.096,0.819,167
0,0.479,0.548,0.061,0.098,0.838,168
0,0.479,0.545,0.063,0.098,0.834,169
0,0.479,0.541,0.063,0.097,0.861,170
0,0.48,0.538,0.063,0.097,0.855,171
0,0.481,0.534,0.061,0.101,0.873,172
0,0.484,0.528,0.062,0.103,0.841,173
0,0.485,0.524,0.06,0.104,0.824,174
0,0.485,0.521,0.06,0.103,0.832,175
0,0.484,0.518,0.06,0.103,0.831,176
0,0.483,0.514,0.059,0.099,0.847,177
0,0.483,0.513,0.057,0.097,0.837,178
0,0.482,0.508,0.059,0.097,0.855,179
0,0.482,0.504,0.058,0.09,0.842,180
0,0.48,0.5,0.057,0.088,0.85,181
0,0.48,0.493,0.058,0.091,0.855,182
0,0.477,0.485,0.061,0.093,0.831,183
0,0.476,0.478,0.056,0.09,0.815,184
0,0.473,0.472,0.057,0.093,0.8,185
0,0.474,0.466,0.055,0.09,0.822,186
0,0.473,0.463,0.053,0.085,0.817,187
0,0.472,0.459,0.052,0.084,0.836,188
0,0.471,0.458,0.054,0.082,0.854,189
0,0.472,0.455,0.051,0.084,0.865,190
0,0.472,0.451,0.051,0.083,0.858,191
0,0.473,0.451,0.05,0.079,0.863,192
0,0.475,0.451,0.05,0.079,0.861,193
0,0.477,0.455,0.052,0.078,0.854,194
0,0.479,0.457,0.052,0.08,0.834,195
0,0.482,0.459,0.051,0.08,0.832,196
0,0.483,0.461,0.049,0.083,0.844,197
0,0.485,0.464,0.05,0.08,0.834,198
0,0.487,0.466,0.048,0.081,0.823,199
0,0.491,0.463,0.05,0.08,0.809,200
0,0.492,0.463,0.05,0.08,0.827,201
0,0.493,0.462,0.05,0.08,0.824,202
0,0.492,0.461,0.05,0.078,0.824,203
0,0.492,0.459,0.048,0.082,0.846,204
0,0.49,0.457,0.05,0.081,0.845,205
0,0.488,0.457,0.047,0.08,0.858,206
0,0.488,0.45,0.045,0.08,0.852,207
0,0.486,0.45,0.048,0.083,0.852,208
0,0.486,0.449,0.044,0.082,0.814,209
0,0.486,0.449,0.044,0.08,0.829,210
0,0.485,0.452,0.043,0.078,0.819,211
0,0.484,0.451,0.043,0.08,0.81,212
0,0.484,0.456,0.045,0.074,0.814,213
0,0.483,0.457,0.044,0.075,0.816,214
0,0.479,0.46,0.043,0.077,0.823,215
0,0.479,0.464,0.042,0.08,0.798,216
0,0.477,0.471,0.039,0.079,0.766,217
0,0.476,0.479,0.043,0.081,0.829,218
0,0.475,0.486,0.041,0.079,0.848,219
0,0.475,0.494,0.04,0.08,0.831,220
0,0.471,0.501,0.038,0.081,0.839,221
0,0.469,0.507,0.039,0.082,0.8,222
0,0.468,0.514,0.038,0.084,0.806,223
0,0.466,0.523,0.036,0.083,0.842,224
0,0.464,0.535,0.035,0.08,0.846,225
0,0.462,0.543,0.033,0.084,0.808,226
0,0.46,0.555,0.034,0.085,0.825,227
0,0.459,0.56,0.034,0.082,0.84,228
0,0.458,0.57,0.033,0.081,0.811,229
0,0.458,0.576,0.032,0.082,0.787,230
0,0.458,0.586,0.034,0.084,0.796,231
0,0.458,0.593,0.033,0.083,0.804,232
0,0.457,0.597,0.031,0.083,0.824,233
0,0.457,0.6,0.032,0.084,0.831,234
0,0.457,0.602,0.032,0.087,0.829,235
0,0.457,0.605,0.033,0.088,0.816,236
0,0.457,0.609,0.033,0.089,0.818,237
0,0.457,0.608,0.034,0.083,0.81,238
0,0.455,0.605,0.032,0.081,0.791,239
0,0.454,0.602,0.032,0.076,0.822,240
0,0.453,0.602,0.033,0.076,0.833,241
0,0.452,0.597,0.032,0.079,0.765,242
0,0.45,0.587,0.034,0.083,0.742,243
0,0.448,0.584,0.036,0.088,0.783,244
0,0.447,0.578,0.036,0.08,0.785,245
0,0.447,0.575,0.038,0.078,0.819,246
0,0.446,0.568,0.037,0.071,0.826,247
0,0.445,0.561,0.037,0.079,0.845,248
0,0.444,0.558,0.037,0.079,0.854,249
0,0.444,0.556,0.038,0.079,0.841,250
0,0.444,0.551,0.039,0.081,0.807,251
0,0.444,0.548,0.041,0.079,0.814,252
0,0.445,0.544,0.041,0.078,0.814,253
0,0.445,0.544,0.041,0.077,0.805,254
0,0.447,0.543,0.041,0.078,0.8,255
0,0.448,0.542,0.042,0.08,0.803,256
0,0.45,0.542,0.045,0.081,0.789,257
0,0.452,0.545,0.046,0.077,0.769,258
0,0.454,0.547,0.046,0.077,0.792,259
0,0.458,0.55,0.047,0.077,0.803,260
0,0.46,0.553,0.047,0.078,0.813,261
0,0.462,0.554,0.045,0.078,0.823,262
0,0.464,0.557,0.044,0.075,0.847,263
0,0.466,0.556,0.043,0.074,0.857,264
0,0.466,0.555,0.044,0.073,0.86,265
0,0.467,0.554,0.044,0.072,0.875,266
0,0.468,0.552,0.044,0.073,0.86,267
0,0.469,0.549,0.045,0.073,0.826,268
0,0.469,0.542,0.048,0.079,0.815,269
0,0.47,0.537,0.048,0.075,0.815,270
0,0.471,0.531,0.049,0.074,0.837,271
0,0.472,0.523,0.049,0.079,0.858,272
0,0.472,0.517,0.05,0.075,0.868,273
0,0.472,0.508,0.051,0.075,0.814,274
0,0.473,0.501,0.052,0.077,0.833,275
0,0.473,0.495,0.05,0.071,0.832,276
0,0.474,0.488,0.051,0.074,0.642,277
0,0.474,0.483,0.051,0.081,0.822,278
0,0.474,0.482,0.05,0.083,0.746,279
0,0.471,0.479,0.051,0.075,0.84,280
0,0.47,0.472,0.053,0.076,0.82,281
0,0.471,0.47,0.052,0.077,0.796,282
0,0.469,0.47,0.05,0.082,0.783,283
0,0.466,0.465,0.049,0.074,0.811,284
0,0.464,0.461,0.051,0.074,0.82,285
0,0.462,0.459,0.051,0.074,0.823,286
0,0.461,0.458,0.051,0.072,0.809,287
0,0.459,0.458,0.051,0.074,0.813,288
0,0.459,0.46,0.051,0.074,0.818,289
0,0.46,0.462,0.05,0.077,0.819,290
0,0.461,0.464,0.052,0.077,0.826,291
0,0.462,0.469,0.05,0.078,0.824,292
0,0.463,0.476,0.049,0.072,0.831,293
0,0.464,0.481,0.047,0.073,0.86,294
0,0.466,0.487,0.047,0.075,0.871,295
0,0.468,0.493,0.043,0.07,0.857,296
0,0.47,0.497,0.047,0.073,0.822,297
0,0.472,0.5,0.048,0.077,0.821,298
0,0.472,0.504,0.047,0.081,0.809,299
0,0.472,0.505,0.047,0.081,0.808,300
0,0.475,0.513,0.044,0.074,0.835,301
0,0.476,0.514,0.042,0.076,0.829,302
0,0.478,0.508,0.043,0.081,0.799,303
0,0.48,0.509,0.04,0.079,0.791,304
0,0.481,0.506,0.039,0.08,0.791,305
0,0.486,0.505,0.037,0.078,0.777,306
0,0.488,0.505,0.037,0.078,0.791,307
0,0.49,0.504,0.035,0.077,0.806,308
0,0.491,0.503,0.034,0.076,0.812,309
0,0.492,0.502,0.034,0.076,0.795,310
0,0.493,0.502,0.034,0.077,0.806,311
0,0.493,0.501,0.033,0.077,0.792,312
0,0.494,0.502,0.031,0.077,0.787,313
0,0.494,0.502,0.031,0.076,0.78,314
0,0.494,0.498,0.032,0.074,0.794,315
0,0.494,0.495,0.032,0.069,0.798,316
0,0.495,0.492,0.031,0.067,0.792,317
0,0.497,0.487,0.031,0.074,0.812,318
0,0.499,0.482,0.028,0.073,0.834,319
0,0.502,0.472,0.03,0.073,0.749,320
0,0.504,0.465,0.033,0.07,0.803,321
0,0.504,0.457,0.031,0.066,0.816,322
0,0.505,0.45,0.034,0.072,0.854,323
0,0.507,0.439,0.034,0.073,0.79,324
0,0.507,0.429,0.036,0.072,0.779,325
0,0.508,0.422,0.037,0.067,0.842,326
0,0.508,0.417,0.037,0.066,0.845,327
0,0.509,0.411,0.038,0.067,0.824,328
0,0.51,0.404,0.037,0.075,0.812,329
0,0.511,0.399,0.037,0.081,0.765,330
0,0.512,0.4,0.038,0.07,0.825,331
0,0.511,0.402,0.041,0.07,0.857,332
0,0.515,0.405,0.043,0.075,0.841,333
0,0.515,0.411,0.045,0.075,0.816,334
0,0.517,0.42,0.043,0.067,0.701,335
0,0.522,0.43,0.045,0.069,0.783,336
0,0.526,0.437,0.042,0.066,0.752,337
0,0.529,0.455,0.044,0.068,0.708,339
0,0.529,0.486,0.043,0.069,0.784,344
0,0.035,0.884,0.07,0.232,0.707,345
0,0.527,0.498,0.044,0.065,0.696,346
0,0.526,0.5,0.045,0.074,0.802,347
0,0.525,0.504,0.042,0.065,0.787,348
0,0.525,0.511,0.046,0.068,0.785,349
0,0.029,0.947,0.057,0.107,0.707,350
0,0.524,0.523,0.05,0.073,0.798,351
0,0.527,0.527,0.047,0.072,0.833,352
0,0.529,0.534,0.044,0.069,0.73,353
0,0.53,0.54,0.041,0.071,0.777,354
0,0.53,0.546,0.043,0.063,0.807,355
0,0.53,0.552,0.042,0.062,0.827,356
0,0.53,0.562,0.041,0.065,0.799,357
0,0.529,0.568,0.041,0.066,0.608,358
0,0.527,0.573,0.044,0.07,0.791,359
0,0.526,0.578,0.043,0.071,0.782,360
0,0.525,0.58,0.043,0.075,0.79,361
0,0.522,0.592,0.045,0.069,0.841,362
0,0.519,0.6,0.043,0.071,0.841,363
0,0.518,0.607,0.041,0.07,0.765,364
0,0.517,0.616,0.04,0.072,0.794,365
0,0.515,0.624,0.042,0.068,0.843,366
0,0.515,0.628,0.043,0.071,0.843,367
0,0.516,0.631,0.04,0.071,0.8,368
0,0.521,0.635,0.042,0.072,0.823,369
0,0.519,0.637,0.041,0.072,0.815,370
0,0.521,0.64,0.039,0.072,0.831,371
0,0.522,0.64,0.04,0.075,0.854,372
0,0.525,0.64,0.038,0.073,0.824,373
0,0.527,0.637,0.039,0.073,0.824,374
0,0.528,0.628,0.038,0.078,0.774,375
0,0.529,0.617,0.044,0.077,0.778,376
0,0.529,0.613,0.043,0.08,0.819,377
0,0.53,0.603,0.043,0.084,0.794,378
0,0.538,0.58,0.037,0.076,0.732,379
0,0.545,0.573,0.033,0.072,0.813,380
0,0.547,0.563,0.034,0.073,0.843,381
0,0.552,0.557,0.035,0.076,0.81,382
0,0.551,0.554,0.036,0.072,0.814,383
0,0.551,0.556,0.037,0.075,0.84,384
0,0.554,0.557,0.033,0.073,0.769,385
0,0.554,0.558,0.035,0.07,0.802,386
0,0.556,0.562,0.035,0.069,0.823,387
0,0.56,0.566,0.032,0.069,0.793,388
0,0.565,0.568,0.032,0.072,0.837,389
0,0.567,0.573,0.034,0.075,0.829,390
0,0.575,0.576,0.035,0.078,0.815,391
0,0.578,0.577,0.035,0.077,0.797,392
0,0.584,0.58,0.034,0.072,0.778,393
0,0.59,0.581,0.033,0.075,0.792,394
0,0.595,0.583,0.035,0.073,0.794,395
0,0.597,0.585,0.035,0.069,0.822,396
0,0.601,0.585,0.033,0.069,0.806,397
0,0.606,0.583,0.034,0.07,0.79,398
0,0.608,0.581,0.035,0.075,0.811,399
0,0.614,0.583,0.038,0.076,0.799,400
0,0.614,0.583,0.036,0.075,0.803,401
0,0.615,0.58,0.036,0.072,0.783,402
0,0.618,0.576,0.034,0.079,0.814,403
0,0.618,0.571,0.034,0.075,0.826,404
0,0.619,0.569,0.034,0.073,0.836,405
0,0.62,0.564,0.035,0.07,0.832,406
0,0.619,0.561,0.035,0.071,0.847,407
0,0.619,0.561,0.036,0.076,0.863,408
0,0.618,0.565,0.035,0.078,0.853,409
0,0.619,0.573,0.036,0.087,0.853,410
0,0.617,0.573,0.036,0.079,0.841,411
0,0.616,0.576,0.038,0.077,0.815,412
0,0.613,0.584,0.041,0.082,0.815,413
0,0.609,0.593,0.038,0.084,0.853,414
0,0.603,0.605,0.036,0.077,0.817,415
0,0.599,0.614,0.036,0.083,0.792,416
0,0.593,0.622,0.038,0.084,0.792,417
0,0.585,0.632,0.038,0.088,0.842,418
0,0.578,0.642,0.039,0.083,0.862,419
0,0.571,0.648,0.042,0.087,0.874,420
0,0.562,0.645,0.036,0.081,0.836,421
0,0.554,0.644,0.038,0.084,0.871,422
0,0.542,0.631,0.035,0.081,0.822,423
0,0.533,0.621,0.036,0.087,0.813,424
0,0.524,0.613,0.034,0.085,0.811,425
0,0.515,0.611,0.034,0.082,0.837,426
0,0.504,0.604,0.034,0.079,0.863,427
0,0.494,0.593,0.035,0.082,0.798,428
0,0.49,0.587,0.04,0.088,0.804,429
0,0.484,0.585,0.039,0.086,0.83,430
0,0.475,0.578,0.034,0.083,0.799,431
0,0.471,0.574,0.037,0.084,0.852,432
0,0.467,0.567,0.039,0.09,0.852,433
0,0.464,0.561,0.033,0.079,0.868,434
0,0.463,0.556,0.037,0.083,0.84,435
0,0.462,0.542,0.035,0.078,0.819,436
0,0.46,0.533,0.035,0.083,0.86,437
0,0.459,0.518,0.037,0.078,0.865,438
0,0.459,0.508,0.039,0.079,0.828,439
0,0.459,0.493,0.036,0.084,0.855,440
0,0.46,0.48,0.042,0.087,0.84,441
0,0.462,0.47,0.04,0.085,0.818,442
0,0.463,0.46,0.037,0.083,0.859,443
0,0.464,0.456,0.036,0.095,0.851,444
0,0.466,0.445,0.038,0.083,0.816,445
0,0.466,0.445,0.039,0.086,0.816,446
0,0.466,0.445,0.042,0.09,0.834,447
0,0.469,0.448,0.04,0.102,0.827,448
0,0.468,0.449,0.04,0.089,0.847,449
0,0.47,0.456,0.042,0.08,0.877,450
0,0.474,0.458,0.043,0.075,0.829,451
0,0.472,0.467,0.04,0.081,0.809,452
0,0.475,0.474,0.047,0.086,0.838,453
0,0.474,0.483,0.045,0.08,0.819,454
0,0.474,0.493,0.043,0.071,0.822,455
0,0.477,0.497,0.045,0.081,0.827,456
0,0.476,0.504,0.044,0.077,0.822,457
0,0.475,0.51,0.043,0.085,0.791,458
0,0.473,0.522,0.045,0.079,0.842,459
0,0.469,0.529,0.042,0.073,0.861,460
0,0.468,0.533,0.042,0.074,0.841,461
0,0.47,0.54,0.04,0.078,0.817,462
0,0.468,0.55,0.039,0.074,0.859,463
0,0.468,0.563,0.041,0.076,0.867,464
0,0.469,0.571,0.039,0.076,0.854,465
0,0.469,0.577,0.042,0.082,0.846,466
0,0.47,0.583,0.039,0.079,0.824,467
0,0.471,0.586,0.043,0.098,0.796,468
0,0.474,0.59,0.043,0.093,0.8,469
0,0.475,0.594,0.044,0.098,0.798,470
0,0.474,0.595,0.045,0.084,0.839,471
0,0.477,0.594,0.045,0.085,0.79,472
0,0.479,0.594,0.046,0.085,0.823,473
0,0.48,0.591,0.047,0.083,0.843,474
0,0.479,0.591,0.049,0.084,0.834,475
0,0.481,0.586,0.042,0.08,0.82,476
0,0.482,0.585,0.046,0.083,0.835,477
0,0.483,0.585,0.048,0.09,0.844,478
0,0.484,0.585,0.048,0.09,0.844,479
0,0.484,0.582,0.048,0.086,0.845,480
0,0.486,0.581,0.049,0.09,0.858,481
0,0.489,0.58,0.045,0.086,0.843,482
0,0.492,0.576,0.047,0.085,0.832,483
0,0.493,0.576,0.047,0.088,0.835,484
0,0.495,0.574,0.044,0.083,0.813,485
0,0.495,0.57,0.047,0.083,0.845,486
0,0.499,0.558,0.047,0.082,0.846,487
0,0.502,0.552,0.045,0.081,0.826,488
0,0.504,0.545,0.048,0.087,0.851,489
0,0.504,0.533,0.044,0.077,0.853,490
0,0.507,0.521,0.044,0.084,0.841,491
0,0.508,0.517,0.047,0.077,0.876,492
0,0.509,0.506,0.046,0.084,0.845,493
0,0.507,0.504,0.045,0.083,0.869,494
0,0.507,0.502,0.048,0.082,0.861,495
0,0.507,0.497,0.04,0.086,0.889,496
0,0.508,0.507,0.041,0.093,0.869,497
0,0.509,0.501,0.043,0.091,0.883,498
0,0.512,0.499,0.042,0.09,0.886,499
0,0.511,0.503,0.04,0.085,0.849,500
0,0.515,0.507,0.042,0.087,0.844,501
0,0.515,0.508,0.041,0.082,0.84,502
0,0.517,0.509,0.04,0.084,0.822,503
0,0.52,0.51,0.033,0.077,0.791,504
0,0.524,0.513,0.033,0.079,0.836,505
0,0.522,0.522,0.031,0.084,0.819,506
0,0.523,0.519,0.029,0.077,0.593,507
0,0.529,0.516,0.046,0.083,0.798,516
0,0.522,0.519,0.037,0.071,0.522,517
0,0.519,0.517,0.032,0.077,0.503,518
0,0.517,0.52,0.038,0.075,0.774,519
0,0.515,0.528,0.039,0.073,0.449,520
0,0.511,0.525,0.038,0.07,0.718,522
0,0.507,0.53,0.04,0.075,0.75,523
0,0.504,0.53,0.049,0.08,0.844,524
0,0.5,0.533,0.05,0.077,0.82,525
0,0.497,0.534,0.052,0.082,0.833,526
0,0.495,0.537,0.049,0.093,0.845,527
0,0.493,0.542,0.049,0.084,0.809,528
0,0.489,0.548,0.052,0.091,0.805,529
0,0.49,0.559,0.052,0.082,0.85,530
0,0.49,0.569,0.054,0.082,0.855,531
0,0.49,0.578,0.054,0.084,0.817,532
0,0.489,0.59,0.054,0.086,0.839,533
0,0.491,0.605,0.055,0.08,0.836,534
0,0.491,0.614,0.056,0.087,0.822,535
0,0.491,0.63,0.057,0.093,0.831,536
0,0.491,0.639,0.053,0.085,0.859,537
0,0.493,0.647,0.057,0.091,0.858,538
0,0.496,0.654,0.058,0.089,0.826,539
0,0.497,0.664,0.06,0.092,0.835,540
0,0.499,0.678,0.059,0.089,0.865,541
0,0.5,0.688,0.061,0.092,0.845,542
0,0.503,0.692,0.06,0.095,0.839,543
0,0.508,0.7,0.063,0.091,0.861,544
0,0.51,0.707,0.061,0.098,0.843,545
0,0.514,0.712,0.061,0.098,0.845,546
0,0.517,0.722,0.058,0.092,0.851,547
0,0.52,0.728,0.061,0.094,0.831,548
0,0.523,0.73,0.058,0.096,0.838,549
0,0.526,0.732,0.052,0.094,0.853,550
0,0.53,0.734,0.052,0.093,0.852,551
0,0.535,0.735,0.056,0.095,0.831,552
0,0.539,0.737,0.06,0.097,0.818,553
0,0.542,0.744,0.061,0.099,0.83,554
0,0.542,0.744,0.058,0.097,0.83,555
0,0.541,0.746,0.056,0.097,0.842,556
0,0.539,0.748,0.053,0.095,0.849,557
0,0.539,0.746,0.054,0.094,0.855,558
0,0.538,0.748,0.056,0.095,0.852,559
0,0.534,0.749,0.055,0.096,0.862,560
0,0.531,0.748,0.053,0.088,0.869,561
0,0.527,0.748,0.052,0.087,0.885,562
0,0.525,0.748,0.052,0.088,0.876,563
0,0.522,0.75,0.051,0.089,0.857,564
0,0.522,0.752,0.055,0.085,0.846,565
0,0.52,0.756,0.051,0.083,0.85,566
0,0.519,0.76,0.053,0.086,0.831,567
0,0.517,0.77,0.053,0.091,0.828,568
0,0.516,0.773,0.05,0.095,0.8,569
0,0.516,0.786,0.05,0.092,0.867,570
0,0.514,0.794,0.048,0.09,0.865,571
0,0.512,0.799,0.048,0.093,0.867,572
0,0.518,0.802,0.057,0.092,0.841,573
0,0.517,0.806,0.056,0.103,0.816,574
0,0.516,0.801,0.053,0.097,0.847,575
0,0.515,0.807,0.053,0.103,0.807,576
0,0.516,0.806,0.057,0.109,0.835,577
0,0.514,0.804,0.052,0.109,0.847,578
0,0.514,0.802,0.054,0.114,0.845,579
0,0.508,0.8,0.05,0.109,0.863,580
0,0.506,0.799,0.051,0.108,0.881,581
0,0.506,0.792,0.052,0.121,0.831,582
0,0.505,0.783,0.051,0.113,0.841,583
0,0.507,0.771,0.054,0.107,0.862,584
0,0.508,0.771,0.052,0.108,0.855,585
0,0.509,0.766,0.052,0.108,0.862,586
0,0.509,0.763,0.049,0.108,0.883,587
0,0.515,0.755,0.054,0.108,0.854,588
0,0.518,0.746,0.055,0.111,0.815,589
0,0.523,0.74,0.059,0.107,0.837,590
0,0.524,0.737,0.054,0.111,0.856,591
0,0.529,0.733,0.053,0.105,0.863,592
0,0.535,0.728,0.05,0.106,0.855,593
0,0.539,0.727,0.052,0.104,0.85,594
0,0.546,0.719,0.061,0.116,0.86,595
0,0.558,0.709,0.053,0.103,0.817,596
0,0.566,0.704,0.061,0.109,0.834,597
0,0.572,0.706,0.052,0.11,0.829,598
0,0.587,0.698,0.061,0.11,0.842,599
0,0.596,0.701,0.059,0.112,0.84,600
0,0.609,0.698,0.06,0.108,0.856,601
0,0.623,0.703,0.062,0.117,0.845,602
0,0.634,0.703,0.062,0.117,0.845,603
0,0.644,0.707,0.063,0.122,0.833,604
0,0.655,0.715,0.067,0.124,0.849,605
0,0.666,0.716,0.065,0.126,0.832,606
0,0.675,0.72,0.071,0.124,0.871,607
0,0.683,0.722,0.072,0.129,0.84,608
0,0.692,0.725,0.072,0.125,0.846,609
0,0.699,0.726,0.075,0.133,0.86,610
0,0.703,0.725,0.075,0.128,0.836,611
0,0.707,0.726,0.08,0.127,0.824,612
0,0.708,0.726,0.081,0.127,0.836,613
0,0.708,0.721,0.085,0.129,0.831,614
0,0.706,0.72,0.084,0.127,0.836,615
0,0.702,0.714,0.08,0.128,0.874,616
0,0.698,0.716,0.081,0.123,0.871,617
0,0.692,0.717,0.082,0.121,0.848,618
0,0.685,0.717,0.088,0.126,0.843,619
0,0.679,0.723,0.082,0.123,0.851,620
0,0.669,0.735,0.087,0.119,0.842,621
0,0.66,0.74,0.083,0.123,0.862,622
0,0.651,0.743,0.089,0.126,0.853,623
0,0.641,0.75,0.088,0.128,0.862,624
0,0.627,0.754,0.086,0.129,0.832,625
0,0.614,0.757,0.082,0.128,0.857,626
0,0.599,0.754,0.085,0.127,0.838,627
0,0.588,0.753,0.087,0.126,0.849,628
0,0.571,0.749,0.082,0.137,0.847,629
0,0.559,0.745,0.083,0.136,0.835,630
0,0.545,0.738,0.091,0.127,0.84,631
0,0.521,0.734,0.066,0.136,0.79,632
0,0.514,0.725,0.08,0.135,0.78,633
0,0.498,0.718,0.069,0.138,0.672,634
0,0.485,0.717,0.067,0.144,0.805,635
0,0.482,0.711,0.075,0.131,0.836,636
0,0.473,0.708,0.078,0.136,0.879,637
0,0.463,0.706,0.076,0.136,0.86,638
0,0.451,0.693,0.061,0.13,0.805,639
0,0.452,0.686,0.071,0.128,0.803,640
0,0.446,0.669,0.064,0.125,0.854,641
0,0.446,0.661,0.064,0.115,0.847,642
0,0.445,0.648,0.06,0.113,0.855,643
0,0.449,0.624,0.062,0.121,0.843,644
0,0.452,0.589,0.063,0.113,0.84,645
0,0.459,0.564,0.055,0.109,0.851,646
0,0.462,0.528,0.055,0.114,0.813,647
0,0.469,0.498,0.049,0.105,0.871,648
0,0.476,0.465,0.046,0.086,0.82,649
0,0.48,0.441,0.048,0.091,0.797,650
0,0.487,0.407,0.042,0.096,0.775,651
0,0.49,0.389,0.039,0.083,0.868,652
0,0.493,0.362,0.041,0.092,0.835,653
0,0.497,0.349,0.04,0.085,0.829,654
0,0.505,0.328,0.04,0.087,0.802,655
0,0.506,0.315,0.034,0.076,0.623,656
0,0.509,0.296,0.033,0.089,0.781,657
0,0.51,0.282,0.033,0.078,0.792,658
0,0.512,0.279,0.033,0.076,0.825,659
0,0.513,0.271,0.031,0.08,0.736,660
0,0.514,0.27,0.029,0.071,0.641,661
0,0.516,0.262,0.028,0.07,0.604,663
0,0.518,0.261,0.027,0.069,0.411,664
0,0.519,0.259,0.028,0.073,0.68,665
0,0.518,0.264,0.03,0.072,0.765,666
0,0.517,0.269,0.031,0.07,0.83,667
0,0.517,0.276,0.03,0.072,0.813,668
0,0.515,0.283,0.031,0.076,0.808,669
0,0.512,0.304,0.032,0.073,0.389,671
0,0.507,0.319,0.031,0.073,0.517,672
0,0.503,0.333,0.03,0.075,0.663,673
0,0.499,0.347,0.029,0.065,0.531,674
0,0.495,0.36,0.029,0.072,0.413,675
0,0.489,0.384,0.03,0.071,0.641,677
0,0.479,0.393,0.033,0.074,0.431,678
0,0.473,0.406,0.03,0.07,0.44,679
0,0.466,0.416,0.032,0.067,0.832,680
0,0.456,0.428,0.034,0.074,0.765,681
0,0.454,0.439,0.031,0.071,0.748,682
0,0.447,0.449,0.031,0.07,0.788,683
0,0.436,0.464,0.035,0.072,0.664,684
0,0.429,0.48,0.033,0.071,0.749,685
0,0.418,0.497,0.04,0.072,0.793,686
0,0.409,0.515,0.04,0.074,0.85,687
0,0.404,0.532,0.038,0.07,0.776,688
0,0.396,0.551,0.033,0.069,0.806,689
0,0.387,0.571,0.037,0.073,0.836,690
0,0.377,0.585,0.046,0.079,0.779,691
0,0.369,0.602,0.045,0.076,0.843,692
0,0.363,0.611,0.044,0.079,0.854,693
0,0.354,0.625,0.048,0.08,0.81,694
0,0.347,0.634,0.047,0.078,0.847,695
0,0.341,0.642,0.046,0.076,0.864,696
0,0.336,0.646,0.051,0.075,0.841,697
0,0.331,0.65,0.053,0.079,0.824,698
0,0.324,0.647,0.052,0.079,0.832,699
0,0.323,0.645,0.05,0.079,0.842,700
0,0.322,0.641,0.051,0.08,0.853,701
0,0.322,0.639,0.052,0.078,0.816,702
0,0.327,0.634,0.051,0.077,0.815,703
0,0.328,0.63,0.052,0.081,0.82,704
0,0.334,0.623,0.055,0.088,0.841,705
0,0.34,0.616,0.054,0.086,0.845,706
0,0.352,0.618,0.059,0.09,0.854,707
0,0.36,0.612,0.053,0.085,0.832,708
0,0.373,0.605,0.055,0.078,0.856,709
0,0.385,0.597,0.052,0.082,0.842,710
0,0.397,0.589,0.053,0.08,0.829,711
0,0.409,0.576,0.05,0.084,0.821,712
0,0.419,0.569,0.052,0.079,0.846,713
0,0.432,0.56,0.05,0.076,0.844,714
0,0.443,0.546,0.052,0.083,0.837,715
0,0.452,0.538,0.051,0.081,0.795,716
0,0.461,0.53,0.053,0.079,0.838,717
0,0.472,0.522,0.047,0.077,0.86,718
0,0.481,0.514,0.049,0.082,0.815,719
0,0.488,0.505,0.047,0.081,0.825,720
0,0.495,0.5,0.051,0.078,0.8,721
0,0.504,0.496,0.046,0.074,0.816,722
0,0.511,0.492,0.049,0.073,0.832,723
0,0.515,0.486,0.046,0.073,0.828,724
0,0.522,0.477,0.049,0.073,0.835,725
0,0.526,0.47,0.045,0.074,0.809,726
0,0.528,0.469,0.044,0.072,0.801,727
0,0.534,0.463,0.047,0.074,0.798,728
0,0.534,0.458,0.047,0.071,0.8,729
0,0.537,0.454,0.043,0.071,0.8,730
0,0.538,0.451,0.043,0.073,0.819,731
0,0.538,0.444,0.044,0.071,0.83,732
0,0.541,0.438,0.045,0.069,0.804,733
0,0.54,0.433,0.044,0.073,0.8,734
0,0.54,0.429,0.043,0.071,0.796,735
0,0.537,0.426,0.045,0.071,0.798,736
0,0.537,0.426,0.046,0.075,0.803,737
0,0.536,0.427,0.045,0.069,0.772,738
0,0.535,0.425,0.047,0.071,0.791,739
0,0.534,0.425,0.045,0.069,0.782,740
0,0.533,0.425,0.045,0.072,0.805,741
0,0.53,0.431,0.04,0.067,0.802,742
0,0.528,0.427,0.042,0.073,0.823,743
0,0.527,0.427,0.044,0.074,0.826,744
0,0.524,0.424,0.049,0.071,0.817,745
0,0.521,0.423,0.05,0.073,0.817,746
0,0.517,0.42,0.042,0.07,0.8,747
0,0.512,0.415,0.044,0.068,0.848,748
0,0.509,0.41,0.043,0.074,0.854,749
0,0.503,0.405,0.048,0.081,0.811,750
0,0.499,0.398,0.047,0.086,0.823,751
0,0.494,0.393,0.05,0.082,0.818,752
0,0.489,0.388,0.046,0.079,0.855,753
0,0.484,0.384,0.047,0.074,0.786,754
0,0.481,0.382,0.05,0.077,0.802,755
0,0.473,0.383,0.049,0.076,0.84,756
0,0.469,0.384,0.051,0.08,0.798,757
0,0.466,0.388,0.048,0.08,0.844,758
0,0.462,0.393,0.049,0.083,0.852,759
0,0.458,0.402,0.05,0.08,0.811,760
0,0.456,0.408,0.045,0.074,0.808,761
0,0.451,0.419,0.05,0.076,0.858,762
0,0.45,0.429,0.049,0.08,0.816,763
0,0.446,0.438,0.045,0.072,0.812,764
0,0.444,0.448,0.047,0.078,0.826,765
0,0.441,0.459,0.051,0.074,0.852,766
0,0.44,0.467,0.049,0.077,0.848,767
0,0.436,0.48,0.052,0.075,0.837,768
0,0.434,0.493,0.046,0.072,0.828,769
0,0.434,0.505,0.046,0.075,0.806,770
0,0.431,0.52,0.046,0.069,0.708,771
0,0.433,0.528,0.045,0.068,0.795,772
0,0.434,0.538,0.043,0.074,0.818,773
0,0.434,0.543,0.044,0.079,0.811,774
0,0.434,0.55,0.043,0.072,0.818,775
0,0.434,0.553,0.041,0.071,0.749,776
0,0.434,0.552,0.043,0.073,0.808,777
0,0.436,0.551,0.042,0.073,0.771,778
0,0.439,0.549,0.034,0.066,0.62,779
0,0.439,0.549,0.034,0.066,0.695,780
0,0.438,0.551,0.032,0.068,0.628,781
0,0.435,0.554,0.038,0.068,0.813,782
0,0.435,0.554,0.036,0.069,0.682,783
0,0.434,0.555,0.028,0.067,0.66,784
0,0.432,0.557,0.031,0.07,0.601,785
0,0.43,0.554,0.031,0.067,0.438,786
0,0.429,0.549,0.034,0.064,0.699,787
0,0.429,0.547,0.032,0.066,0.726,788
0,0.428,0.545,0.031,0.066,0.666,789
0,0.429,0.54,0.03,0.069,0.654,790
0,0.43,0.532,0.031,0.064,0.508,791
0,0.43,0.52,0.033,0.067,0.636,793
0,0.017,0.94,0.034,0.121,0.577,794
0,0.43,0.504,0.031,0.066,0.558,795
0,0.431,0.498,0.03,0.079,0.637,799
0,0.429,0.491,0.038,0.066,0.725,800
0,0.435,0.493,0.032,0.062,0.367,801
0,0.439,0.487,0.028,0.076,0.552,802
0,0.441,0.486,0.029,0.074,0.731,803
0,0.443,0.486,0.032,0.073,0.872,804
0,0.444,0.491,0.032,0.07,0.856,805
0,0.45,0.485,0.034,0.072,0.55,806
0,0.45,0.482,0.033,0.068,0.776,807
0,0.449,0.477,0.033,0.061,0.591,808
0,0.448,0.465,0.031,0.073,0.686,810
0,0.45,0.46,0.037,0.071,0.761,811
0,0.451,0.462,0.033,0.071,0.828,812
0,0.451,0.47,0.032,0.064,0.751,813
0,0.025,0.161,0.05,0.145,0.62,814
0,0.449,0.466,0.033,0.075,0.806,815
0,0.45,0.472,0.035,0.069,0.819,816
0,0.453,0.481,0.035,0.065,0.754,817
0,0.452,0.493,0.037,0.071,0.825,818
0,0.011,0.934,0.023,0.133,0.256,819
0,0.454,0.501,0.037,0.077,0.699,820
0,0.455,0.506,0.037,0.079,0.701,821
0,0.451,0.511,0.042,0.087,0.651,822
0,0.45,0.519,0.042,0.082,0.629,826
0,0.449,0.518,0.04,0.075,0.744,827
0,0.446,0.517,0.043,0.077,0.77,828
0,0.443,0.516,0.037,0.075,0.695,829
0,0.443,0.518,0.032,0.088,0.354,830
0,0.443,0.516,0.04,0.076,0.816,831
0,0.443,0.516,0.04,0.066,0.621,832
0,0.442,0.514,0.036,0.07,0.752,833
0,0.441,0.517,0.04,0.076,0.812,834
0,0.448,0.513,0.036,0.071,0.731,835
0,0.448,0.512,0.04,0.07,0.786,836
0,0.448,0.507,0.041,0.082,0.809,837
0,0.447,0.507,0.041,0.08,0.797,838
0,0.447,0.506,0.045,0.08,0.802,839
0,0.449,0.504,0.043,0.08,0.821,840
0,0.447,0.502,0.05,0.079,0.806,841
0,0.45,0.501,0.051,0.078,0.81,842
0,0.447,0.5,0.055,0.08,0.825,843
0,0.443,0.498,0.053,0.079,0.837,844
0,0.444,0.496,0.045,0.074,0.839,845
0,0.44,0.499,0.051,0.079,0.805,846
0,0.439,0.503,0.052,0.082,0.809,847
0,0.439,0.503,0.052,0.082,0.801,848
0,0.439,0.506,0.053,0.083,0.798,849
0,0.437,0.513,0.054,0.082,0.811,850
0,0.437,0.517,0.054,0.084,0.812,851
0,0.437,0.522,0.052,0.079,0.817,852
0,0.433,0.524,0.052,0.076,0.836,853
0,0.434,0.527,0.049,0.074,0.806,854
0,0.431,0.531,0.052,0.076,0.832,855
0,0.43,0.534,0.052,0.078,0.823,856
0,0.428,0.535,0.052,0.077,0.816,857
0,0.426,0.536,0.056,0.079,0.807,858
0,0.422,0.539,0.054,0.083,0.819,859
0,0.419,0.539,0.053,0.081,0.807,860
0,0.415,0.541,0.057,0.081,0.798,861
0,0.414,0.549,0.057,0.079,0.823,862
0,0.413,0.55,0.056,0.083,0.845,863
0,0.411,0.553,0.056,0.088,0.831,864
0,0.409,0.555,0.056,0.086,0.816,865
0,0.411,0.559,0.054,0.081,0.854,866
0,0.411,0.561,0.057,0.083,0.86,867
0,0.411,0.564,0.057,0.084,0.862,868
0,0.412,0.566,0.056,0.086,0.858,869
0,0.411,0.573,0.054,0.083,0.833,870
0,0.412,0.577,0.055,0.084,0.833,871
0,0.413,0.582,0.056,0.089,0.832,872
0,0.415,0.587,0.06,0.092,0.838,873
0,0.418,0.588,0.061,0.094,0.825,874
0,0.418,0.595,0.059,0.092,0.849,875
0,0.42,0.596,0.056,0.093,0.849,876
0,0.42,0.6,0.058,0.087,0.861,877
0,0.423,0.599,0.061,0.088,0.858,878
0,0.427,0.604,0.06,0.091,0.865,879
0,0.429,0.602,0.058,0.087,0.865,880
0,0.432,0.596,0.058,0.092,0.847,881
0,0.436,0.591,0.06,0.093,0.837,882
0,0.437,0.587,0.061,0.094,0.823,883
0,0.44,0.583,0.061,0.09,0.815,884
0,0.443,0.576,0.06,0.092,0.844,885
0,0.444,0.568,0.062,0.095,0.874,886
0,0.451,0.559,0.06,0.097,0.862,887
0,0.455,0.552,0.058,0.095,0.847,888
0,0.453,0.544,0.055,0.092,0.835,889
0,0.458,0.537,0.059,0.093,0.867,890
0,0.46,0.53,0.058,0.093,0.865,891
0,0.462,0.523,0.06,0.097,0.868,892
0,0.466,0.514,0.065,0.098,0.854,893
0,0.471,0.511,0.061,0.1,0.862,894
0,0.471,0.51,0.059,0.099,0.864,895
0,0.472,0.506,0.062,0.099,0.86,896
0,0.474,0.507,0.063,0.098,0.859,897
0,0.476,0.504,0.058,0.094,0.846,898
0,0.479,0.502,0.062,0.096,0.862,899
0,0.481,0.497,0.063,0.098,0.865,900
0,0.483,0.501,0.065,0.097,0.848,901
0,0.484,0.5,0.063,0.098,0.844,902
0,0.485,0.493,0.065,0.101,0.85,903
0,0.489,0.485,0.065,0.095,0.859,904
0,0.491,0.48,0.069,0.097,0.859,905
0,0.49,0.474,0.066,0.099,0.835,906
0,0.488,0.469,0.065,0.095,0.85,907
0,0.485,0.459,0.067,0.098,0.858,908
0,0.482,0.455,0.062,0.097,0.857,909
0,0.479,0.448,0.064,0.1,0.854,910
0,0.475,0.445,0.062,0.098,0.843,911
0,0.473,0.436,0.061,0.094,0.809,912
0,0.468,0.431,0.062,0.094,0.842,913
0,0.458,0.43,0.063,0.089,0.793,914
0,0.456,0.427,0.058,0.086,0.862,915
0,0.451,0.422,0.055,0.087,0.843,916
0,0.445,0.414,0.056,0.083,0.874,917
0,0.435,0.411,0.057,0.083,0.856,918
0,0.43,0.406,0.053,0.086,0.828,919
0,0.421,0.398,0.058,0.087,0.839,920
0,0.419,0.391,0.053,0.083,0.812,921
0,0.415,0.388,0.058,0.084,0.85,922
0,0.412,0.384,0.054,0.077,0.835,923
0,0.407,0.377,0.053,0.08,0.831,924
0,0.402,0.379,0.056,0.079,0.836,925
0,0.397,0.386,0.054,0.077,0.837,926
0,0.394,0.39,0.058,0.08,0.831,927
0,0.391,0.394,0.052,0.08,0.741,928
0,0.387,0.396,0.054,0.086,0.774,929
0,0.385,0.401,0.056,0.084,0.718,930
0,0.381,0.404,0.058,0.089,0.36,931
0,0.382,0.411,0.059,0.079,0.348,932
0,0.378,0.419,0.056,0.076,0.791,933
0,0.374,0.421,0.058,0.082,0.848,934
0,0.372,0.427,0.057,0.083,0.795,935
0,0.363,0.433,0.046,0.082,0.833,936
0,0.358,0.441,0.049,0.081,0.849,937
0,0.353,0.45,0.054,0.083,0.843,938
0,0.349,0.458,0.051,0.084,0.875,939
0,0.341,0.469,0.052,0.087,0.818,940
0,0.335,0.481,0.054,0.087,0.84,941
0,0.332,0.498,0.056,0.088,0.867,942
0,0.328,0.505,0.051,0.09,0.861,943
0,0.328,0.511,0.051,0.091,0.842,944
0,0.326,0.523,0.051,0.088,0.823,945
0,0.324,0.539,0.053,0.089,0.806,946
0,0.32,0.548,0.051,0.085,0.801,947
0,0.319,0.56,0.053,0.088,0.802,948
0,0.319,0.573,0.054,0.083,0.552,949
0,0.32,0.583,0.052,0.087,0.428,950
0,0.296,0.601,0.053,0.101,0.788,957
0,0.295,0.611,0.052,0.087,0.793,958
0,0.292,0.618,0.054,0.092,0.751,959
0,0.296,0.624,0.047,0.096,0.746,960
0,0.297,0.627,0.048,0.096,0.796,961
0,0.297,0.619,0.05,0.092,0.848,962
0,0.302,0.615,0.05,0.088,0.817,963
0,0.304,0.604,0.051,0.093,0.863,964
0,0.306,0.596,0.059,0.099,0.755,965
0,0.309,0.585,0.06,0.099,0.706,966
0,0.316,0.578,0.059,0.091,0.842,967
0,0.325,0.567,0.051,0.092,0.865,968
0,0.33,0.552,0.052,0.091,0.789,969
0,0.335,0.541,0.055,0.085,0.795,970
0,0.34,0.522,0.054,0.087,0.861,971
0,0.348,0.503,0.049,0.084,0.823,972
0,0.351,0.49,0.054,0.084,0.86,973
0,0.352,0.475,0.058,0.087,0.802,974
0,0.358,0.462,0.057,0.088,0.846,975
0,0.366,0.447,0.054,0.082,0.844,976
0,0.369,0.434,0.055,0.087,0.82,977
0,0.374,0.427,0.058,0.085,0.849,978
0,0.379,0.418,0.055,0.084,0.867,979
0,0.386,0.407,0.057,0.082,0.849,980
0,0.392,0.399,0.056,0.086,0.798,981
0,0.395,0.394,0.058,0.085,0.801,982
0,0.401,0.391,0.056,0.085,0.823,983
0,0.403,0.387,0.057,0.082,0.834,984
0,0.41,0.38,0.06,0.086,0.861,985
0,0.412,0.378,0.057,0.084,0.875,986
0,0.414,0.371,0.058,0.087,0.827,987
0,0.414,0.368,0.057,0.088,0.845,988
0,0.414,0.365,0.056,0.087,0.838,989
0,0.415,0.36,0.059,0.09,0.833,990
0,0.414,0.358,0.057,0.09,0.84,991
0,0.413,0.356,0.058,0.088,0.828,992
0,0.412,0.351,0.057,0.089,0.854,993
0,0.412,0.351,0.059,0.086,0.859,994
0,0.412,0.346,0.061,0.089,0.872,995
0,0.41,0.342,0.056,0.094,0.864,996
0,0.411,0.346,0.058,0.094,0.877,997
0,0.41,0.347,0.056,0.095,0.87,998
0,0.409,0.347,0.057,0.095,0.863,999
0,0.409,0.351,0.057,0.095,0.859,1000
0,0.409,0.351,0.059,0.097,0.862,1001
0,0.409,0.359,0.057,0.098,0.852,1002
0,0.41,0.366,0.062,0.1,0.833,1003
0,0.412,0.379,0.062,0.1,0.865,1004
0,0.412,0.393,0.061,0.097,0.848,1005
0,0.411,0.394,0.058,0.099,0.848,1006
0,0.41,0.393,0.053,0.1,0.868,1007
0,0.414,0.394,0.059,0.094,0.848,1008
0,0.415,0.393,0.06,0.103,0.874,1009
0,0.415,0.396,0.059,0.1,0.854,1010
0,0.413,0.397,0.057,0.098,0.832,1011
0,0.414,0.394,0.06,0.098,0.845,1012
0,0.414,0.396,0.058,0.097,0.833,1013
0,0.412,0.397,0.054,0.099,0.815,1014
0,0.415,0.404,0.058,0.104,0.824,1015
0,0.416,0.405,0.06,0.107,0.832,1016
0,0.418,0.409,0.066,0.114,0.85,1017
0,0.417,0.41,0.064,0.116,0.839,1018
0,0.417,0.409,0.066,0.122,0.853,1019
0,0.415,0.41,0.066,0.12,0.864,1020
0,0.415,0.412,0.066,0.12,0.858,1021
0,0.415,0.416,0.064,0.122,0.843,1022
0,0.415,0.409,0.061,0.12,0.854,1023
0,0.417,0.41,0.063,0.118,0.862,1024
0,0.417,0.402,0.064,0.109,0.861,1025
0,0.416,0.397,0.066,0.101,0.828,1026
0,0.419,0.396,0.066,0.105,0.842,1027
0,0.424,0.391,0.062,0.101,0.864,1028
0,0.428,0.386,0.061,0.103,0.875,1029
0,0.432,0.379,0.061,0.1,0.855,1030
0,0.436,0.376,0.061,0.104,0.838,1031
0,0.44,0.372,0.063,0.104,0.85,1032
0,0.441,0.37,0.063,0.101,0.85,1033
0,0.442,0.367,0.061,0.097,0.849,1034
0,0.443,0.364,0.061,0.097,0.847,1035
0,0.444,0.362,0.061,0.1,0.844,1036
0,0.442,0.358,0.062,0.098,0.835,1037
0,0.44,0.356,0.063,0.096,0.837,1038
0,0.438,0.352,0.063,0.09,0.85,1039
0,0.437,0.357,0.062,0.092,0.835,1040
0,0.435,0.356,0.059,0.091,0.843,1041
0,0.434,0.357,0.059,0.093,0.833,1042
0,0.432,0.36,0.061,0.095,0.845,1043
0,0.429,0.367,0.06,0.091,0.838,1044
0,0.426,0.375,0.062,0.093,0.857,1045
0,0.423,0.391,0.061,0.09,0.819,1046
0,0.418,0.399,0.06,0.092,0.834,1047
0,0.416,0.41,0.06,0.092,0.86,1048
0,0.413,0.422,0.058,0.085,0.852,1049
0,0.409,0.43,0.06,0.09,0.838,1050
0,0.403,0.442,0.062,0.09,0.836,1051
0,0.396,0.455,0.062,0.087,0.871,1052
0,0.391,0.464,0.058,0.086,0.839,1053
0,0.382,0.469,0.06,0.087,0.815,1054
0,0.374,0.48,0.06,0.087,0.856,1055
0,0.366,0.488,0.06,0.086,0.857,1056
0,0.353,0.499,0.06,0.084,0.86,1057
0,0.345,0.503,0.061,0.087,0.842,1058
0,0.331,0.509,0.058,0.092,0.857,1059
0,0.32,0.515,0.063,0.089,0.833,1060
0,0.309,0.524,0.061,0.091,0.867,1061
0,0.293,0.532,0.063,0.087,0.874,1062
0,0.281,0.535,0.066,0.093,0.868,1063
0,0.267,0.543,0.058,0.092,0.86,1064
0,0.258,0.55,0.064,0.095,0.713,1065
0,0.248,0.554,0.062,0.097,0.807,1066
0,0.241,0.564,0.064,0.096,0.695,1067
0,0.233,0.576,0.064,0.094,0.82,1068
0,0.23,0.591,0.064,0.111,0.804,1069
0,0.232,0.599,0.061,0.113,0.718,1070
0,0.247,0.593,0.059,0.099,0.678,1072
0,0.253,0.59,0.06,0.099,0.616,1073
0,0.269,0.584,0.058,0.094,0.819,1075
0,0.276,0.582,0.058,0.088,0.761,1076
0,0.283,0.581,0.06,0.092,0.687,1077
0,0.289,0.581,0.057,0.093,0.839,1078
0,0.296,0.583,0.061,0.092,0.833,1079
0,0.302,0.578,0.058,0.09,0.847,1080
0,0.312,0.58,0.06,0.089,0.845,1081
0,0.32,0.578,0.062,0.093,0.841,1082
0,0.329,0.58,0.06,0.092,0.853,1083
0,0.337,0.577,0.061,0.09,0.837,1084
0,0.347,0.575,0.061,0.093,0.867,1085
0,0.359,0.574,0.062,0.089,0.849,1086
0,0.367,0.569,0.058,0.09,0.874,1087
0,0.376,0.564,0.058,0.087,0.833,1088
0,0.389,0.558,0.064,0.084,0.854,1089
0,0.397,0.551,0.061,0.088,0.838,1090
0,0.404,0.55,0.059,0.087,0.817,1091
0,0.414,0.546,0.056,0.089,0.864,1092
0,0.424,0.544,0.061,0.089,0.824,1093
0,0.432,0.543,0.056,0.087,0.82,1094
0,0.44,0.54,0.063,0.086,0.81,1095
0,0.447,0.536,0.06,0.083,0.821,1096
0,0.45,0.528,0.052,0.081,0.849,1097
0,0.459,0.52,0.062,0.08,0.804,1098
0,0.461,0.519,0.054,0.082,0.786,1099
0,0.46,0.518,0.048,0.079,0.819,1100
0,0.471,0.518,0.059,0.08,0.823,1101
0,0.474,0.516,0.055,0.083,0.856,1102
0,0.476,0.513,0.057,0.081,0.866,1103
0,0.479,0.516,0.058,0.078,0.822,1104
0,0.482,0.513,0.055,0.084,0.759,1105
0,0.485,0.519,0.05,0.081,0.554,1106
0,0.492,0.519,0.062,0.084,0.609,1107
0,0.494,0.519,0.056,0.081,0.741,1108
0,0.495,0.514,0.059,0.084,0.857,1109
0,0.492,0.512,0.045,0.082,0.664,1110
0,0.494,0.507,0.047,0.079,0.641,1111
0,0.517,0.513,0.059,0.086,0.274,1113
0,0.532,0.518,0.047,0.069,0.371,1119
0,0.545,0.54,0.051,0.09,0.523,1121
0,0.546,0.554,0.059,0.107,0.784,1122
0,0.551,0.542,0.046,0.069,0.643,1123
0,0.554,0.54,0.046,0.063,0.319,1124
0,0.556,0.544,0.046,0.068,0.383,1125
0,0.013,0.756,0.026,0.123,0.363,1126
0,0.028,0.901,0.057,0.198,0.559,1127
0,0.6,0.595,0.031,0.063,0.316,1133
0,0.558,0.541,0.057,0.084,0.668,1134
0,0.558,0.546,0.048,0.061,0.357,1136
0,0.552,0.551,0.041,0.055,0.316,1138
0,0.557,0.529,0.046,0.076,0.533,1141
0,0.556,0.521,0.043,0.065,0.571,1142
0,0.552,0.527,0.04,0.066,0.704,1143
0,0.562,0.534,0.052,0.072,0.756,1144
0,0.557,0.538,0.045,0.063,0.74,1145
0,0.557,0.534,0.047,0.077,0.769,1146
0,0.562,0.546,0.059,0.078,0.772,1147
0,0.559,0.545,0.053,0.08,0.771,1148
0,0.559,0.552,0.049,0.073,0.748,1149
0,0.556,0.557,0.045,0.076,0.572,1150
0,0.558,0.562,0.048,0.076,0.737,1151
0,0.559,0.571,0.045,0.079,0.79,1152
0,0.561,0.575,0.045,0.082,0.76,1153
0,0.022,0.915,0.044,0.17,0.662,1154
0,0.556,0.583,0.044,0.089,0.689,1155
0,0.551,0.586,0.047,0.091,0.724,1156
0,0.553,0.6,0.049,0.084,0.752,1157
0,0.549,0.603,0.05,0.078,0.789,1158
0,0.542,0.606,0.043,0.077,0.834,1159
0,0.541,0.61,0.049,0.077,0.83,1160
0,0.539,0.612,0.05,0.078,0.787,1161
0,0.539,0.612,0.053,0.077,0.782,1162
0,0.763,0.425,0.065,0.098,0.353,1163
0,0.533,0.6,0.047,0.081,0.769,1164
0,0.531,0.597,0.046,0.079,0.812,1165
0,0.532,0.594,0.049,0.085,0.801,1166
0,0.532,0.588,0.05,0.078,0.748,1167
0,0.534,0.581,0.05,0.079,0.701,1168
0,0.537,0.577,0.052,0.079,0.792,1169
0,0.54,0.572,0.053,0.078,0.764,1170
0,0.542,0.568,0.049,0.076,0.74,1171
0,0.546,0.556,0.044,0.068,0.602,1172
0,0.548,0.549,0.056,0.088,0.852,1173
0,0.549,0.541,0.052,0.08,0.593,1174
0,0.562,0.539,0.055,0.079,0.598,1175
0,0.57,0.527,0.05,0.083,0.861,1176
0,0.576,0.521,0.049,0.086,0.851,1177
0,0.582,0.514,0.056,0.089,0.794,1178
0,0.583,0.506,0.046,0.076,0.763,1179
0,0.591,0.504,0.049,0.083,0.835,1180
0,0.597,0.493,0.05,0.071,0.827,1181
0,0.606,0.493,0.062,0.092,0.836,1182
0,0.608,0.482,0.048,0.08,0.82,1183
0,0.616,0.474,0.049,0.085,0.815,1184
0,0.621,0.469,0.054,0.085,0.81,1185
0,0.626,0.467,0.055,0.083,0.825,1186
0,0.63,0.463,0.056,0.083,0.847,1187
0,0.634,0.459,0.057,0.084,0.842,1188
0,0.635,0.454,0.055,0.086,0.855,1189
0,0.638,0.45,0.059,0.088,0.861,1190
0,0.638,0.448,0.059,0.09,0.858,1191
0,0.638,0.453,0.061,0.091,0.855,1192
0,0.642,0.464,0.06,0.092,0.861,1193
0,0.651,0.471,0.063,0.097,0.822,1194
0,0.668,0.483,0.064,0.099,0.858,1195
0,0.682,0.491,0.066,0.099,0.872,1196
0,0.691,0.505,0.069,0.105,0.852,1197
0,0.697,0.515,0.059,0.108,0.86,1198
0,0.71,0.535,0.068,0.109,0.8,1199
0,0.713,0.561,0.07,0.112,0.85,1200
0,0.72,0.588,0.072,0.115,0.825,1201
0,0.715,0.622,0.076,0.121,0.782,1202
0,0.694,0.661,0.067,0.124,0.8,1203
0,0.691,0.703,0.092,0.132,0.848,1204
0,0.671,0.742,0.091,0.134,0.843,1205
0,0.647,0.787,0.09,0.147,0.83,1206
0,0.616,0.834,0.094,0.156,0.824,1207
0,0.596,0.86,0.101,0.144,0.399,1208
0,0.558,0.895,0.085,0.141,0.8,1209
0,0.529,0.926,0.08,0.148,0.869,1210
0,0.496,0.933,0.084,0.135,0.79,1211
0,0.472,0.943,0.073,0.114,0.282,1212
0,0.421,0.95,0.057,0.099,0.865,1215
0,0.41,0.95,0.05,0.101,0.859,1216
0,0.405,0.952,0.047,0.097,0.696,1217
0,0.405,0.949,0.044,0.102,0.849,1218
0,0.405,0.946,0.043,0.107,0.875,1219
0,0.405,0.941,0.042,0.117,0.802,1220
0,0.406,0.936,0.04,0.127,0.757,1221
0,0.406,0.936,0.041,0.128,0.765,1222
0,0.405,0.936,0.043,0.128,0.831,1223
0,0.405,0.931,0.043,0.124,0.829,1224
0,0.404,0.936,0.043,0.123,0.807,1225
0,0.4,0.94,0.047,0.12,0.821,1226
0,0.391,0.948,0.045,0.105,0.849,1227
0,0.387,0.951,0.045,0.097,0.853,1228
0,0.381,0.954,0.047,0.093,0.843,1229
0,0.373,0.955,0.048,0.09,0.788,1230
0,0.366,0.956,0.047,0.087,0.764,1231
0,0.358,0.959,0.051,0.083,0.648,1232
0,0.352,0.962,0.053,0.076,0.517,1233
0,0.346,0.965,0.047,0.071,0.793,1234
0,0.331,0.967,0.041,0.066,0.597,1235
0,0.326,0.969,0.047,0.062,0.815,1236
0,0.315,0.974,0.051,0.053,0.788,1237
0,0.302,0.979,0.053,0.042,0.823,1238
0,0.292,0.982,0.056,0.037,0.822,1239
0,0.285,0.983,0.051,0.034,0.823,1240
0,0.277,0.982,0.055,0.036,0.854,1241
0,0.27,0.982,0.05,0.036,0.829,1242
0,0.264,0.981,0.052,0.039,0.792,1243
0,0.257,0.975,0.06,0.049,0.801,1244
0,0.254,0.971,0.058,0.058,0.807,1245
0,0.25,0.966,0.062,0.069,0.818,1246
0,0.247,0.958,0.068,0.084,0.8,1247
0,0.25,0.953,0.065,0.093,0.799,1248
0,0.25,0.952,0.067,0.096,0.832,1249
0,0.256,0.942,0.079,0.111,0.841,1250
0,0.27,0.926,0.067,0.11,0.864,1251
0,0.282,0.917,0.071,0.103,0.827,1252
0,0.295,0.902,0.07,0.11,0.836,1253
0,0.312,0.889,0.066,0.11,0.862,1254
0,0.326,0.882,0.072,0.105,0.831,1255
0,0.341,0.879,0.076,0.101,0.822,1256
0,0.361,0.873,0.072,0.098,0.865,1257
0,0.378,0.871,0.069,0.101,0.855,1258
0,0.397,0.864,0.067,0.103,0.852,1259
0,0.415,0.86,0.064,0.103,0.843,1260
0,0.432,0.854,0.065,0.102,0.842,1261
0,0.447,0.849,0.063,0.104,0.836,1262
0,0.461,0.848,0.061,0.1,0.843,1263
0,0.476,0.845,0.06,0.098,0.788,1264
0,0.483,0.83,0.058,0.093,0.875,1265
0,0.494,0.826,0.049,0.089,0.734,1266
0,0.506,0.831,0.041,0.065,0.464,1267
0,0.513,0.794,0.054,0.087,0.799,1268
0,0.52,0.784,0.056,0.091,0.801,1269
0,0.527,0.772,0.05,0.071,0.759,1270
0,0.534,0.751,0.045,0.068,0.774,1271
0,0.535,0.735,0.053,0.084,0.82,1272
0,0.54,0.724,0.059,0.093,0.843,1273
0,0.541,0.703,0.055,0.092,0.819,1274
0,0.54,0.698,0.05,0.084,0.829,1275
0,0.54,0.686,0.039,0.071,0.802,1276
0,0.55,0.675,0.044,0.083,0.863,1277
0,0.552,0.659,0.041,0.085,0.814,1278
0,0.552,0.652,0.04,0.086,0.847,1279
0,0.549,0.641,0.04,0.09,0.835,1280
0,0.548,0.636,0.047,0.085,0.855,1281
0,0.549,0.634,0.045,0.078,0.836,1282
0,0.555,0.63,0.041,0.073,0.874,1283
0,0.557,0.627,0.034,0.066,0.823,1284
0,0.55,0.617,0.046,0.074,0.823,1285
0,0.547,0.617,0.048,0.076,0.816,1286
0,0.547,0.617,0.047,0.075,0.782,1287
0,0.544,0.621,0.047,0.078,0.692,1288
0,0.542,0.615,0.044,0.072,0.767,1289
0,0.534,0.615,0.039,0.08,0.808,1290
0,0.533,0.598,0.035,0.069,0.774,1291
0,0.53,0.587,0.039,0.072,0.805,1292
0,0.525,0.578,0.036,0.076,0.778,1293
0,0.517,0.554,0.043,0.077,0.772,1294
0,0.513,0.535,0.046,0.084,0.847,1295
0,0.506,0.51,0.053,0.087,0.847,1296
0,0.499,0.491,0.056,0.081,0.869,1297
0,0.492,0.467,0.051,0.088,0.829,1298
0,0.485,0.453,0.058,0.093,0.864,1299
0,0.479,0.443,0.059,0.095,0.831,1300
0,0.472,0.437,0.055,0.097,0.846,1301
0,0.465,0.432,0.051,0.093,0.85,1302
0,0.459,0.434,0.045,0.093,0.831,1303
0,0.452,0.441,0.036,0.094,0.801,1304
0,0.445,0.454,0.035,0.091,0.842,1305
0,0.437,0.476,0.038,0.091,0.844,1306
0,0.427,0.498,0.041,0.082,0.85,1307
0,0.422,0.519,0.044,0.084,0.828,1308
0,0.419,0.538,0.049,0.078,0.8,1309
0,0.412,0.559,0.051,0.079,0.843,1310
0,0.409,0.579,0.054,0.08,0.779,1311
0,0.404,0.604,0.051,0.075,0.838,1312
0,0.402,0.623,0.047,0.068,0.827,1313
0,0.4,0.641,0.048,0.07,0.83,1314
0,0.399,0.654,0.049,0.077,0.829,1315
0,0.398,0.67,0.048,0.079,0.859,1316
0,0.4,0.684,0.045,0.076,0.833,1317
0,0.402,0.693,0.04,0.078,0.831,1318
0,0.399,0.711,0.033,0.074,0.848,1319
0,0.401,0.726,0.031,0.079,0.827,1320
0,0.408,0.738,0.031,0.085,0.751,1321
0,0.41,0.75,0.03,0.071,0.746,1322
0,0.409,0.759,0.035,0.077,0.829,1323
0,0.413,0.763,0.041,0.08,0.809,1324
0,0.418,0.768,0.045,0.081,0.808,1325
0,0.421,0.765,0.049,0.079,0.826,1326
0,0.425,0.76,0.049,0.076,0.825,1327
0,0.429,0.752,0.051,0.073,0.861,1328
0,0.43,0.743,0.049,0.079,0.859,1329
0,0.429,0.73,0.049,0.086,0.835,1330
0,0.43,0.724,0.05,0.082,0.838,1331
0,0.432,0.713,0.058,0.086,0.833,1332
0,0.429,0.705,0.052,0.084,0.804,1333
0,0.434,0.691,0.056,0.086,0.83,1334
0,0.436,0.68,0.055,0.08,0.863,1335
0,0.44,0.677,0.051,0.077,0.863,1336
0,0.442,0.67,0.042,0.079,0.81,1337
0,0.446,0.661,0.037,0.073,0.799,1338
0,0.447,0.66,0.034,0.076,0.779,1339
0,0.449,0.659,0.032,0.07,0.748,1340
0,0.451,0.655,0.031,0.076,0.599,1341
0,0.456,0.653,0.034,0.082,0.774,1342
0,0.463,0.65,0.034,0.075,0.774,1343
0,0.47,0.651,0.038,0.075,0.703,1344
0,0.477,0.661,0.045,0.081,0.823,1345
0,0.479,0.671,0.049,0.08,0.803,1346
0,0.475,0.674,0.045,0.079,0.813,1347
0,0.473,0.674,0.046,0.076,0.758,1348
0,0.473,0.675,0.041,0.071,0.637,1349
0,0.467,0.677,0.041,0.077,0.793,1350
0,0.458,0.673,0.045,0.077,0.568,1351
0,0.452,0.671,0.045,0.076,0.739,1352
0,0.451,0.664,0.042,0.077,0.815,1353
0,0.446,0.661,0.043,0.076,0.819,1354
0,0.442,0.662,0.043,0.075,0.794,1355
0,0.436,0.661,0.047,0.072,0.799,1356
0,0.437,0.652,0.046,0.075,0.796,1357
0,0.424,0.652,0.045,0.075,0.774,1358
0,0.419,0.648,0.049,0.074,0.798,1359
0,0.422,0.645,0.044,0.072,0.833,1360
0,0.411,0.639,0.044,0.072,0.762,1361
0,0.407,0.638,0.04,0.068,0.834,1362
0,0.406,0.629,0.039,0.071,0.83,1363
0,0.402,0.62,0.043,0.076,0.803,1364
0,0.395,0.615,0.042,0.077,0.775,1365
0,0.394,0.606,0.038,0.072,0.8,1366
0,0.399,0.596,0.038,0.077,0.775,1367
0,0.397,0.586,0.038,0.075,0.783,1368
0,0.397,0.58,0.037,0.076,0.793,1369
0,0.4,0.572,0.033,0.075,0.817,1370
0,0.397,0.563,0.032,0.076,0.833,1371
0,0.398,0.559,0.029,0.077,0.817,1372
0,0.406,0.557,0.029,0.084,0.27,1373
0,0.412,0.552,0.031,0.078,0.731,1374
0,0.418,0.553,0.028,0.077,0.768,1375
0,0.432,0.561,0.03,0.077,0.698,1376
0,0.442,0.557,0.028,0.079,0.614,1377
0,0.014,0.865,0.028,0.08,0.526,1378
0,0.462,0.561,0.029,0.074,0.548,1379
0,0.471,0.571,0.033,0.073,0.74,1380
0,0.485,0.576,0.035,0.071,0.778,1381
0,0.493,0.576,0.032,0.072,0.739,1382
0,0.51,0.581,0.036,0.077,0.539,1383
0,0.523,0.579,0.037,0.077,0.793,1384
0,0.535,0.584,0.034,0.069,0.808,1385
0,0.551,0.584,0.035,0.067,0.769,1386
0,0.562,0.585,0.041,0.073,0.794,1387
0,0.575,0.588,0.035,0.074,0.56,1388
0,0.586,0.584,0.029,0.068,0.694,1389
0,0.6,0.581,0.029,0.072,0.737,1390
0,0.61,0.579,0.032,0.074,0.634,1391
0,0.62,0.576,0.03,0.072,0.748,1392
0,0.634,0.575,0.034,0.071,0.598,1393
0,0.644,0.559,0.032,0.074,0.829,1394
0,0.653,0.555,0.034,0.073,0.877,1395
0,0.66,0.55,0.034,0.072,0.826,1396
0,0.67,0.539,0.032,0.073,0.785,1397
0,0.678,0.528,0.038,0.071,0.815,1398
0,0.684,0.523,0.038,0.074,0.819,1399
0,0.69,0.515,0.032,0.074,0.818,1400
0,0.694,0.512,0.032,0.074,0.799,1401
0,0.701,0.508,0.036,0.076,0.808,1402
0,0.708,0.512,0.031,0.07,0.759,1403
0,0.715,0.51,0.03,0.071,0.715,1404
0,0.72,0.519,0.035,0.075,0.663,1405
0,0.727,0.532,0.029,0.068,0.36,1407
0,0.732,0.54,0.032,0.069,0.554,1408
0,0.734,0.555,0.034,0.073,0.84,1409
0,0.73,0.572,0.03,0.07,0.734,1410
0,0.73,0.59,0.03,0.077,0.797,1411
0,0.725,0.6,0.031,0.069,0.808,1412
0,0.721,0.616,0.033,0.075,0.821,1413
0,0.722,0.636,0.032,0.069,0.76,1414
0,0.719,0.645,0.034,0.073,0.829,1415
0,0.711,0.663,0.032,0.072,0.844,1416
0,0.704,0.676,0.032,0.07,0.691,1417
0,0.708,0.689,0.033,0.073,0.746,1418
0,0.704,0.694,0.039,0.081,0.77,1419
0,0.704,0.701,0.041,0.088,0.752,1420
0,0.704,0.69,0.038,0.078,0.744,1421
0,0.703,0.695,0.036,0.074,0.777,1422
0,0.7,0.695,0.033,0.081,0.793,1423
0,0.7,0.689,0.034,0.082,0.83,1424
0,0.702,0.674,0.043,0.08,0.855,1425
0,0.699,0.654,0.046,0.083,0.797,1426
0,0.696,0.639,0.047,0.077,0.789,1427
0,0.699,0.625,0.049,0.09,0.778,1428
0,0.696,0.609,0.044,0.086,0.879,1429
0,0.696,0.59,0.045,0.091,0.843,1430
0,0.696,0.572,0.043,0.09,0.83,1431
0,0.694,0.536,0.045,0.095,0.506,1432
0,0.693,0.518,0.048,0.089,0.84,1433
0,0.686,0.485,0.04,0.089,0.798,1434
0,0.683,0.47,0.04,0.103,0.827,1435
0,0.681,0.441,0.04,0.1,0.819,1436
0,0.678,0.431,0.037,0.102,0.778,1437
0,0.676,0.414,0.039,0.101,0.618,1438
0,0.673,0.405,0.039,0.096,0.773,1439
0,0.667,0.401,0.036,0.09,0.811,1440
0,0.663,0.398,0.037,0.092,0.842,1441
0,0.658,0.391,0.034,0.087,0.845,1442
0,0.657,0.384,0.032,0.096,0.688,1443
0,0.653,0.384,0.037,0.096,0.782,1444
0,0.646,0.388,0.041,0.094,0.754,1445
0,0.64,0.386,0.036,0.082,0.844,1446
0,0.636,0.398,0.035,0.077,0.815,1447
0,0.628,0.408,0.043,0.088,0.83,1448
0,0.622,0.412,0.038,0.077,0.802,1449
0,0.609,0.421,0.042,0.074,0.856,1451
0,0.594,0.423,0.037,0.07,0.81,1453
0,0.581,0.426,0.042,0.076,0.781,1454
0,0.577,0.431,0.049,0.076,0.749,1455
0,0.568,0.429,0.041,0.063,0.78,1456
0,0.56,0.434,0.039,0.06,0.788,1457
0,0.552,0.434,0.04,0.064,0.75,1458
0,0.546,0.432,0.044,0.07,0.78,1459
0,0.537,0.433,0.041,0.069,0.799,1460
0,0.531,0.435,0.038,0.064,0.759,1461
0,0.527,0.436,0.042,0.067,0.811,1462
0,0.517,0.442,0.045,0.068,0.731,1463
0,0.51,0.441,0.041,0.067,0.771,1464
0,0.502,0.441,0.046,0.068,0.829,1465
0,0.493,0.441,0.042,0.067,0.839,1466
0,0.487,0.441,0.04,0.062,0.77,1467
0,0.481,0.442,0.037,0.07,0.763,1468
0,0.472,0.439,0.036,0.06,0.75,1469
0,0.462,0.441,0.032,0.065,0.773,1470
0,0.453,0.444,0.032,0.067,0.799,1471
0,0.449,0.445,0.033,0.068,0.784,1472
0,0.443,0.438,0.031,0.078,0.811,1473
0,0.436,0.44,0.034,0.072,0.774,1474
0,0.429,0.437,0.031,0.067,0.698,1475
0,0.42,0.433,0.029,0.067,0.732,1476
0,0.415,0.44,0.023,0.063,0.608,1477
0,0.41,0.439,0.03,0.065,0.708,1478
0,0.405,0.438,0.033,0.068,0.826,1479
0,0.401,0.445,0.032,0.068,0.825,1480
0,0.393,0.445,0.034,0.069,0.801,1481
0,0.389,0.446,0.035,0.066,0.847,1482
0,0.386,0.448,0.04,0.064,0.819,1483
0,0.384,0.451,0.038,0.064,0.795,1484
0,0.382,0.452,0.038,0.065,0.753,1485
0,0.376,0.447,0.039,0.068,0.768,1486
0,0.374,0.448,0.04,0.066,0.787,1487
0,0.374,0.448,0.04,0.067,0.807,1488
0,0.374,0.446,0.039,0.068,0.806,1489
0,0.372,0.446,0.041,0.07,0.827,1490
0,0.374,0.45,0.039,0.069,0.802,1491
0,0.377,0.451,0.04,0.07,0.804,1492
0,0.38,0.452,0.038,0.067,0.785,1493
0,0.377,0.454,0.037,0.066,0.799,1494
0,0.386,0.458,0.037,0.064,0.795,1495
0,0.392,0.462,0.032,0.07,0.774,1496
0,0.4,0.466,0.029,0.066,0.769,1497
0,0.404,0.467,0.027,0.072,0.769,1498
0,0.409,0.467,0.027,0.072,0.66,1499
0,0.411,0.47,0.028,0.071,0.698,1500
0,0.419,0.469,0.032,0.068,0.772,1501
0,0.428,0.467,0.035,0.066,0.78,1502
0,0.435,0.463,0.038,0.07,0.764,1503
0,0.441,0.462,0.041,0.068,0.795,1504
0,0.448,0.463,0.04,0.069,0.79,1505
0,0.457,0.466,0.043,0.07,0.793,1506
0,0.464,0.467,0.043,0.068,0.796,1507
0,0.47,0.47,0.043,0.063,0.784,1508
0,0.477,0.477,0.042,0.067,0.826,1509
0,0.481,0.483,0.043,0.065,0.81,1510
0,0.488,0.49,0.04,0.063,0.75,1511
0,0.493,0.492,0.041,0.067,0.813,1512
0,0.496,0.496,0.041,0.07,0.772,1513
0,0.499,0.495,0.036,0.069,0.796,1514
0,0.503,0.498,0.033,0.068,0.802,1515
0,0.505,0.497,0.032,0.067,0.716,1516
0,0.509,0.496,0.029,0.069,0.639,1517
0,0.513,0.493,0.029,0.066,0.662,1518
0,0.512,0.49,0.028,0.066,0.442,1519
0,0.516,0.486,0.029,0.065,0.71,1520
0,0.519,0.476,0.029,0.069,0.772,1521
0,0.521,0.471,0.033,0.062,0.748,1522
0,0.519,0.46,0.037,0.064,0.608,1523
0,0.525,0.454,0.041,0.067,0.744,1524
0,0.528,0.446,0.038,0.066,0.837,1525
0,0.531,0.44,0.04,0.066,0.863,1526
0,0.531,0.436,0.041,0.063,0.84,1527
0,0.53,0.437,0.043,0.066,0.836,1528
0,0.523,0.436,0.047,0.065,0.787,1529
0,0.522,0.43,0.038,0.063,0.764,1530
0,0.521,0.428,0.034,0.066,0.645,1531
0,0.519,0.428,0.036,0.067,0.703,1532
0,0.517,0.427,0.032,0.072,0.727,1533
0,0.517,0.425,0.031,0.07,0.768,1534
0,0.514,0.43,0.03,0.074,0.75,1535
0,0.508,0.431,0.028,0.076,0.758,1536
0,0.506,0.439,0.032,0.072,0.833,1537
0,0.505,0.448,0.035,0.068,0.837,1538
0,0.5,0.454,0.039,0.067,0.804,1539
0,0.494,0.459,0.047,0.07,0.806,1540
0,0.491,0.468,0.044,0.073,0.793,1541
0,0.486,0.478,0.042,0.068,0.828,1542
0,0.481,0.492,0.044,0.071,0.797,1543
0,0.475,0.498,0.045,0.074,0.795,1544
0,0.47,0.504,0.043,0.073,0.803,1545
0,0.466,0.51,0.044,0.074,0.81,1546
0,0.459,0.515,0.039,0.073,0.826,1547
0,0.455,0.517,0.037,0.07,0.83,1548
0,0.451,0.52,0.03,0.071,0.737,1549
0,0.448,0.526,0.029,0.07,0.791,1550
0,0.443,0.526,0.029,0.071,0.841,1551
0,0.44,0.529,0.029,0.07,0.823,1552
0,0.437,0.537,0.036,0.072,0.809,1553
0,0.439,0.543,0.042,0.075,0.803,1554
0,0.44,0.548,0.045,0.076,0.812,1555
0,0.439,0.553,0.047,0.074,0.842,1556
0,0.44,0.557,0.048,0.072,0.849,1557
0,0.437,0.56,0.047,0.075,0.801,1558
0,0.438,0.564,0.048,0.071,0.817,1559
0,0.44,0.567,0.046,0.072,0.823,1560
0,0.442,0.569,0.046,0.071,0.817,1561
0,0.446,0.568,0.042,0.069,0.829,1562
0,0.45,0.567,0.042,0.069,0.853,1563
0,0.455,0.561,0.035,0.074,0.829,1564
0,0.461,0.559,0.029,0.077,0.759,1565
0,0.465,0.554,0.028,0.081,0.742,1566
0,0.471,0.551,0.03,0.077,0.723,1567
0,0.479,0.546,0.035,0.076,0.775,1568
0,0.485,0.54,0.037,0.074,0.785,1569
0,0.49,0.538,0.04,0.069,0.794,1570
0,0.495,0.53,0.045,0.071,0.806,1571
0,0.499,0.523,0.048,0.074,0.848,1572
0,0.506,0.51,0.045,0.074,0.811,1573
0,0.51,0.497,0.044,0.072,0.837,1574
0,0.515,0.491,0.044,0.071,0.829,1575
0,0.52,0.482,0.046,0.073,0.844,1576
0,0.525,0.469,0.044,0.074,0.786,1577
0,0.53,0.457,0.04,0.068,0.781,1578
0,0.534,0.445,0.038,0.07,0.838,1579
0,0.539,0.441,0.04,0.072,0.793,1580
0,0.546,0.434,0.033,0.071,0.549,1581
0,0.552,0.422,0.03,0.067,0.636,1582
0,0.556,0.419,0.031,0.065,0.665,1583
0,0.558,0.413,0.028,0.064,0.603,1584
0,0.56,0.407,0.028,0.073,0.699,1585
0,0.566,0.401,0.031,0.068,0.75,1586
0,0.568,0.408,0.033,0.066,0.8,1587
0,0.569,0.402,0.038,0.063,0.842,1588
0,0.57,0.403,0.037,0.067,0.795,1589
0,0.572,0.402,0.041,0.068,0.617,1590
0,0.571,0.402,0.044,0.069,0.838,1591
0,0.569,0.409,0.045,0.068,0.848,1592
0,0.566,0.419,0.051,0.074,0.809,1593
0,0.565,0.419,0.048,0.069,0.796,1594
0,0.561,0.42,0.039,0.066,0.789,1595
0,0.555,0.429,0.033,0.06,0.61,1596
0,0.552,0.43,0.036,0.069,0.398,1597
0,0.542,0.434,0.029,0.066,0.316,1599
0,0.536,0.442,0.031,0.065,0.804,1600
0,0.017,0.616,0.034,0.088,0.716,1601
0,0.521,0.451,0.031,0.066,0.704,1602
0,0.515,0.46,0.04,0.072,0.784,1603
0,0.511,0.459,0.036,0.067,0.452,1604
0,0.501,0.463,0.039,0.068,0.811,1605
0,0.491,0.463,0.043,0.069,0.701,1606
0,0.483,0.468,0.046,0.072,0.793,1607
0,0.477,0.472,0.046,0.075,0.813,1608
0,0.471,0.475,0.045,0.071,0.831,1609
0,0.466,0.487,0.045,0.078,0.542,1610
0,0.453,0.484,0.048,0.081,0.776,1611
0,0.455,0.496,0.049,0.075,0.818,1612
0,0.452,0.495,0.049,0.078,0.834,1613
0,0.447,0.501,0.045,0.077,0.812,1614
0,0.442,0.508,0.047,0.079,0.831,1615
0,0.434,0.521,0.046,0.078,0.844,1616
0,0.429,0.534,0.037,0.074,0.826,1617
0,0.426,0.544,0.036,0.082,0.777,1618
0,0.423,0.56,0.031,0.079,0.852,1619
0,0.417,0.577,0.029,0.079,0.797,1620
0,0.411,0.592,0.032,0.081,0.8,1621
0,0.407,0.606,0.038,0.075,0.805,1622
0,0.405,0.617,0.04,0.082,0.822,1623
0,0.401,0.635,0.048,0.088,0.845,1624
0,0.398,0.651,0.049,0.083,0.822,1625
0,0.398,0.662,0.052,0.085,0.83,1626
0,0.397,0.679,0.055,0.08,0.832,1627
0,0.396,0.685,0.054,0.086,0.832,1628
0,0.393,0.693,0.057,0.087,0.808,1629
0,0.394,0.706,0.056,0.08,0.851,1630
0,0.393,0.72,0.056,0.083,0.853,1631
0,0.393,0.728,0.056,0.086,0.814,1632
0,0.39,0.734,0.056,0.086,0.831,1633
0,0.389,0.737,0.058,0.093,0.826,1634
0,0.388,0.744,0.059,0.092,0.845,1635
0,0.388,0.751,0.055,0.089,0.858,1636
0,0.388,0.759,0.052,0.087,0.839,1637
0,0.389,0.765,0.049,0.089,0.83,1638
0,0.391,0.776,0.045,0.094,0.802,1639
0,0.395,0.785,0.041,0.097,0.798,1640
0,0.398,0.795,0.04,0.096,0.819,1641
0,0.403,0.804,0.036,0.093,0.785,1642
0,0.408,0.805,0.037,0.095,0.83,1643
0,0.416,0.807,0.04,0.1,0.8,1644
0,0.424,0.813,0.041,0.102,0.775,1645
0,0.432,0.82,0.046,0.098,0.82,1646
0,0.438,0.836,0.05,0.097,0.833,1647
0,0.445,0.844,0.052,0.099,0.851,1648
0,0.456,0.855,0.055,0.097,0.808,1649
0,0.463,0.869,0.058,0.098,0.879,1650
0,0.472,0.88,0.058,0.099,0.824,1651
0,0.482,0.889,0.061,0.096,0.868,1652
0,0.494,0.902,0.06,0.092,0.845,1653
0,0.503,0.912,0.066,0.091,0.845,1654
0,0.511,0.91,0.059,0.094,0.851,1655
0,0.519,0.906,0.061,0.09,0.841,1656
0,0.522,0.894,0.059,0.092,0.862,1657
0,0.527,0.881,0.057,0.092,0.856,1658
0,0.532,0.871,0.056,0.088,0.84,1659
0,0.538,0.855,0.057,0.091,0.84,1660
0,0.54,0.839,0.059,0.091,0.852,1661
0,0.543,0.827,0.056,0.085,0.855,1662
0,0.546,0.812,0.055,0.092,0.832,1663
0,0.549,0.799,0.055,0.088,0.843,1664
0,0.551,0.793,0.05,0.088,0.861,1665
0,0.555,0.775,0.057,0.096,0.827,1666
0,0.559,0.766,0.059,0.091,0.841,1667
0,0.555,0.756,0.055,0.089,0.87,1668
0,0.556,0.745,0.047,0.084,0.829,1669
0,0.561,0.734,0.044,0.083,0.829,1670
0,0.559,0.728,0.046,0.084,0.793,1671
0,0.562,0.713,0.048,0.072,0.744,1672
0,0.558,0.708,0.041,0.078,0.79,1673
0,0.558,0.691,0.041,0.079,0.775,1674
0,0.558,0.679,0.04,0.079,0.777,1675
0,0.018,0.715,0.037,0.098,0.688,1676
0,0.557,0.65,0.036,0.076,0.78,1677
0,0.555,0.645,0.032,0.074,0.785,1678
0,0.555,0.635,0.035,0.071,0.833,1679
0,0.553,0.63,0.034,0.071,0.731,1680
0,0.553,0.626,0.036,0.081,0.745,1681
0,0.553,0.617,0.032,0.07,0.659,1682
0,0.553,0.613,0.035,0.075,0.793,1683
0,0.552,0.615,0.034,0.074,0.655,1684
0,0.552,0.626,0.037,0.085,0.794,1685
0,0.549,0.636,0.037,0.082,0.858,1686
0,0.549,0.641,0.039,0.083,0.843,1687
0,0.547,0.64,0.036,0.083,0.837,1688
0,0.542,0.643,0.036,0.082,0.834,1689
0,0.539,0.643,0.035,0.083,0.822,1690
0,0.538,0.644,0.04,0.084,0.831,1691
0,0.535,0.639,0.041,0.08,0.85,1692
0,0.532,0.635,0.042,0.082,0.867,1693
0,0.529,0.631,0.043,0.086,0.831,1694
0,0.527,0.63,0.044,0.084,0.815,1695
0,0.525,0.626,0.048,0.08,0.835,1696
0,0.522,0.62,0.048,0.086,0.821,1697
0,0.516,0.615,0.048,0.08,0.803,1698
0,0.514,0.613,0.048,0.085,0.825,1699
0,0.512,0.609,0.049,0.08,0.841,1700
0,0.508,0.603,0.047,0.075,0.88,1701
0,0.505,0.599,0.05,0.079,0.858,1702
0,0.503,0.591,0.05,0.081,0.841,1703
0,0.503,0.585,0.051,0.086,0.843,1704
0,0.501,0.576,0.05,0.08,0.825,1705
0,0.5,0.567,0.053,0.076,0.849,1706
0,0.498,0.56,0.05,0.075,0.841,1707
0,0.497,0.553,0.05,0.077,0.854,1708
0,0.496,0.543,0.05,0.078,0.813,1709
0,0.495,0.54,0.05,0.081,0.818,1710
0,0.495,0.54,0.05,0.075,0.761,1711
0,0.494,0.539,0.049,0.076,0.741,1712
0,0.493,0.541,0.048,0.082,0.816,1713
0,0.492,0.542,0.047,0.078,0.797,1714
0,0.492,0.544,0.048,0.079,0.823,1715
0,0.492,0.549,0.048,0.07,0.833,1716
0,0.492,0.555,0.048,0.075,0.875,1717
0,0.49,0.56,0.045,0.078,0.877,1718
0,0.489,0.561,0.043,0.074,0.869,1719
0,0.488,0.566,0.044,0.074,0.875,1720
0,0.488,0.56,0.043,0.079,0.836,1721
0,0.489,0.558,0.043,0.075,0.866,1722
0,0.489,0.552,0.042,0.072,0.876,1723
0,0.491,0.548,0.045,0.071,0.836,1724
0,0.493,0.547,0.047,0.07,0.8,1725
0,0.496,0.547,0.047,0.072,0.71,1726
0,0.498,0.542,0.043,0.074,0.752,1727
0,0.502,0.539,0.044,0.076,0.806,1728
0,0.505,0.539,0.045,0.068,0.81,1729
0,0.508,0.533,0.041,0.068,0.817,1730
0,0.512,0.525,0.043,0.068,0.84,1731
0,0.515,0.519,0.041,0.068,0.836,1732
0,0.519,0.513,0.042,0.064,0.793,1733
0,0.525,0.502,0.042,0.064,0.71,1734
0,0.531,0.495,0.04,0.065,0.817,1735
0,0.534,0.485,0.043,0.064,0.774,1736
0,0.536,0.477,0.041,0.06,0.828,1737
0,0.541,0.47,0.039,0.059,0.466,1738
0,0.55,0.454,0.04,0.062,0.643,1740
0,0.549,0.448,0.039,0.06,0.734,1741
0,0.551,0.441,0.039,0.06,0.743,1742
0,0.551,0.435,0.039,0.063,0.705,1743
0,0.55,0.435,0.039,0.059,0.677,1744
0,0.548,0.433,0.04,0.062,0.731,1745
0,0.547,0.429,0.044,0.069,0.375,1746
0,0.542,0.431,0.04,0.06,0.699,1747
0,0.031,0.459,0.063,0.158,0.777,1748
0,0.532,0.424,0.041,0.065,0.817,1749
0,0.529,0.429,0.041,0.065,0.744,1750
0,0.521,0.437,0.044,0.068,0.798,1751
0,0.515,0.438,0.041,0.068,0.84,1752
0,0.509,0.439,0.041,0.067,0.85,1753
0,0.498,0.447,0.042,0.064,0.793,1754
0,0.494,0.446,0.041,0.064,0.826,1755
0,0.487,0.452,0.041,0.07,0.801,1756
0,0.478,0.45,0.039,0.066,0.727,1757
0,0.469,0.445,0.04,0.065,0.849,1758
0,0.463,0.446,0.039,0.068,0.808,1759
0,0.454,0.441,0.043,0.066,0.834,1760
0,0.446,0.434,0.038,0.065,0.818,1761
0,0.435,0.428,0.044,0.075,0.774,1762
0,0.428,0.427,0.041,0.074,0.811,1763
0,0.423,0.425,0.041,0.068,0.81,1764
0,0.414,0.424,0.043,0.073,0.785,1765
0,0.405,0.425,0.043,0.071,0.808,1766
0,0.4,0.429,0.038,0.066,0.784,1767
0,0.392,0.429,0.04,0.07,0.756,1768
0,0.387,0.431,0.037,0.07,0.791,1769
0,0.379,0.434,0.037,0.07,0.788,1770
0,0.373,0.446,0.032,0.068,0.723,1771
0,0.367,0.454,0.036,0.066,0.797,1772
0,0.36,0.458,0.035,0.063,0.726,1773
0,0.357,0.463,0.032,0.064,0.622,1774
0,0.35,0.469,0.027,0.061,0.685,1775
0,0.348,0.47,0.027,0.062,0.638,1776
0,0.347,0.472,0.028,0.064,0.601,1777
0,0.349,0.468,0.027,0.065,0.555,1778
0,0.347,0.466,0.028,0.066,0.573,1779
0,0.346,0.458,0.029,0.067,0.597,1780
0,0.35,0.449,0.026,0.058,0.386,1781
0,0.35,0.44,0.027,0.061,0.704,1782
0,0.352,0.431,0.024,0.058,0.473,1783
0,0.354,0.421,0.027,0.06,0.364,1784
0,0.357,0.404,0.03,0.067,0.72,1785
0,0.36,0.391,0.026,0.063,0.677,1786
0,0.361,0.371,0.025,0.069,0.628,1787
0,0.365,0.357,0.036,0.065,0.719,1788
0,0.363,0.341,0.04,0.06,0.646,1789
0,0.366,0.317,0.037,0.064,0.725,1790
0,0.367,0.295,0.037,0.065,0.852,1791
0,0.372,0.274,0.039,0.066,0.791,1792
0,0.381,0.256,0.036,0.062,0.826,1793
0,0.385,0.236,0.039,0.062,0.729,1794
0,0.387,0.219,0.037,0.063,0.831,1795
0,0.395,0.205,0.039,0.068,0.784,1796
0,0.401,0.194,0.037,0.066,0.765,1797
0,0.405,0.181,0.036,0.062,0.798,1798
0,0.408,0.176,0.036,0.059,0.823,1799
0,0.418,0.174,0.031,0.058,0.768,1800
0,0.422,0.17,0.032,0.06,0.77,1801
0,0.424,0.173,0.031,0.058,0.769,1802
0,0.429,0.173,0.031,0.058,0.685,1803
0,0.437,0.175,0.026,0.056,0.682,1804
0,0.442,0.173,0.028,0.058,0.721,1805
0,0.445,0.173,0.025,0.06,0.357,1806
0,0.45,0.172,0.026,0.06,0.544,1807
0,0.472,0.164,0.029,0.062,0.585,1810
0,0.484,0.149,0.029,0.061,0.731,1812
0,0.488,0.138,0.032,0.067,0.681,1813
0,0.492,0.136,0.031,0.06,0.672,1814
0,0.496,0.129,0.035,0.06,0.779,1815
0,0.5,0.122,0.03,0.058,0.626,1816
0,0.503,0.117,0.033,0.057,0.734,1817
0,0.508,0.114,0.035,0.058,0.802,1818
0,0.512,0.108,0.036,0.059,0.803,1819
0,0.517,0.101,0.034,0.06,0.795,1820
0,0.521,0.098,0.034,0.058,0.733,1821
0,0.529,0.091,0.034,0.058,0.77,1822
0,0.531,0.089,0.036,0.059,0.74,1823
0,0.533,0.087,0.035,0.06,0.723,1824
0,0.542,0.087,0.031,0.058,0.703,1825
0,0.55,0.084,0.035,0.061,0.758,1826
0,0.553,0.081,0.034,0.06,0.677,1827
0,0.558,0.081,0.029,0.059,0.655,1828
0,0.565,0.077,0.025,0.063,0.482,1829
0,0.57,0.072,0.025,0.069,0.331,1830
0,0.577,0.815,0.03,0.053,0.27,1831
0,0.597,0.081,0.031,0.063,0.324,1834
0,0.605,0.091,0.029,0.057,0.625,1835
0,0.613,0.1,0.034,0.062,0.761,1836
0,0.618,0.115,0.036,0.062,0.845,1837
0,0.625,0.129,0.037,0.063,0.75,1838
0,0.634,0.142,0.037,0.063,0.775,1839
0,0.635,0.16,0.04,0.064,0.671,1840
0,0.649,0.213,0.039,0.06,0.37,1844
0,0.652,0.217,0.038,0.065,0.698,1845
0,0.655,0.23,0.038,0.06,0.657,1846
0,0.657,0.235,0.037,0.064,0.716,1847
0,0.659,0.249,0.036,0.064,0.826,1848
0,0.663,0.261,0.034,0.07,0.735,1849
0,0.668,0.276,0.028,0.065,0.688,1850
0,0.672,0.293,0.031,0.069,0.727,1851
0,0.672,0.297,0.031,0.071,0.621,1852
0,0.672,0.31,0.029,0.066,0.669,1853
0,0.675,0.317,0.029,0.066,0.619,1854
0,0.678,0.326,0.03,0.067,0.612,1855
0,0.677,0.333,0.033,0.072,0.734,1856
0,0.676,0.338,0.037,0.063,0.718,1857
0,0.678,0.339,0.04,0.063,0.803,1858
0,0.678,0.341,0.041,0.064,0.809,1859
0,0.676,0.342,0.04,0.064,0.808,1860
0,0.676,0.335,0.04,0.065,0.817,1861
0,0.677,0.326,0.041,0.065,0.857,1862
0,0.672,0.32,0.044,0.07,0.781,1863
0,0.667,0.311,0.041,0.066,0.717,1864
0,0.668,0.307,0.042,0.069,0.718,1865
0,0.667,0.302,0.042,0.068,0.744,1866
0,0.659,0.293,0.041,0.067,0.862,1867
0,0.655,0.288,0.039,0.067,0.816,1868
0,0.651,0.286,0.042,0.071,0.814,1869
0,0.647,0.286,0.037,0.068,0.8,1870
0,0.637,0.286,0.036,0.064,0.801,1871
0,0.633,0.285,0.034,0.071,0.783,1872
0,0.628,0.287,0.03,0.072,0.77,1873
0,0.619,0.289,0.029,0.071,0.746,1874
0,0.611,0.292,0.028,0.076,0.784,1875
0,0.61,0.293,0.029,0.076,0.798,1876
0,0.605,0.297,0.029,0.074,0.808,1877
0,0.599,0.299,0.031,0.07,0.771,1878
0,0.596,0.307,0.034,0.07,0.757,1879
0,0.594,0.314,0.039,0.071,0.779,1880
0,0.59,0.326,0.04,0.067,0.786,1881
0,0.584,0.34,0.043,0.076,0.824,1882
0,0.58,0.35,0.044,0.073,0.674,1883
0,0.579,0.363,0.048,0.069,0.82,1884
0,0.578,0.378,0.046,0.072,0.723,1885
0,0.576,0.39,0.048,0.071,0.749,1886
0,0.573,0.407,0.042,0.072,0.861,1887
0,0.571,0.43,0.051,0.079,0.787,1888
0,0.569,0.447,0.047,0.076,0.844,1889
0,0.57,0.462,0.047,0.075,0.816,1890
0,0.572,0.474,0.045,0.073,0.801,1891
0,0.574,0.488,0.046,0.081,0.851,1892
0,0.574,0.5,0.045,0.081,0.835,1893
0,0.58,0.508,0.044,0.087,0.817,1894
0,0.588,0.523,0.04,0.081,0.8,1895
0,0.591,0.538,0.038,0.081,0.8,1896
0,0.596,0.548,0.036,0.087,0.748,1897
0,0.603,0.565,0.034,0.088,0.813,1898
0,0.609,0.581,0.035,0.091,0.815,1899
0,0.614,0.594,0.039,0.101,0.795,1900
0,0.619,0.611,0.045,0.093,0.84,1901
0,0.626,0.627,0.052,0.098,0.777,1902
0,0.632,0.646,0.056,0.104,0.875,1903
0,0.638,0.661,0.057,0.102,0.807,1904
0,0.645,0.677,0.06,0.107,0.858,1905
0,0.653,0.69,0.063,0.105,0.842,1906
0,0.652,0.748,0.085,0.196,0.573,1907
0,0.653,0.767,0.1,0.194,0.619,1908
0,0.671,0.743,0.054,0.117,0.6,1909
0,0.679,0.763,0.062,0.117,0.795,1910
0,0.691,0.783,0.08,0.129,0.83,1911
0,0.694,0.801,0.08,0.128,0.831,1912
0,0.696,0.815,0.082,0.13,0.823,1913
0,0.694,0.824,0.082,0.133,0.869,1914
0,0.693,0.83,0.079,0.134,0.813,1915
0,0.683,0.843,0.072,0.125,0.843,1916
0,0.676,0.835,0.073,0.153,0.838,1917
0,0.669,0.841,0.067,0.132,0.858,1918
0,0.664,0.84,0.07,0.129,0.667,1919
0,0.657,0.831,0.071,0.129,0.829,1920
0,0.647,0.821,0.068,0.129,0.814,1921
0,0.635,0.815,0.059,0.128,0.851,1922
0,0.623,0.797,0.053,0.127,0.803,1923
0,0.614,0.769,0.056,0.106,0.805,1924
0,0.591,0.757,0.051,0.128,0.805,1925
0,0.585,0.731,0.043,0.126,0.822,1926
0,0.569,0.707,0.044,0.125,0.838,1927
0,0.554,0.684,0.046,0.114,0.862,1928
0,0.54,0.657,0.049,0.109,0.842,1929
0,0.525,0.628,0.051,0.11,0.837,1930
0,0.51,0.607,0.053,0.106,0.873,1931
0,0.502,0.585,0.058,0.102,0.842,1932
0,0.49,0.569,0.053,0.101,0.866,1933
0,0.479,0.553,0.059,0.094,0.835,1934
0,0.465,0.538,0.056,0.097,0.869,1935
0,0.459,0.522,0.059,0.091,0.851,1936
0,0.45,0.508,0.057,0.094,0.819,1937
0,0.444,0.499,0.06,0.087,0.842,1938
0,0.438,0.488,0.058,0.085,0.841,1939
0,0.432,0.482,0.058,0.087,0.735,1940
0,0.427,0.476,0.055,0.088,0.792,1941
0,0.425,0.472,0.052,0.087,0.82,1942
0,0.424,0.476,0.056,0.084,0.828,1943
0,0.429,0.482,0.074,0.083,0.838,1944
0,0.427,0.482,0.074,0.083,0.806,1945
0,0.426,0.481,0.071,0.082,0.837,1946
0,0.425,0.477,0.069,0.077,0.835,1947
0,0.427,0.471,0.062,0.078,0.818,1948
0,0.429,0.464,0.063,0.077,0.788,1949
0,0.432,0.455,0.063,0.074,0.819,1950
0,0.433,0.446,0.054,0.076,0.866,1951
0,0.437,0.437,0.061,0.079,0.821,1952
0,0.444,0.426,0.06,0.077,0.821,1953
0,0.451,0.414,0.058,0.073,0.835,1954
0,0.456,0.405,0.056,0.074,0.862,1955
0,0.461,0.393,0.054,0.078,0.836,1956
0,0.468,0.383,0.053,0.075,0.859,1957
0,0.474,0.373,0.051,0.078,0.871,1958
0,0.479,0.366,0.055,0.085,0.849,1959
0,0.482,0.365,0.055,0.081,0.828,1960
0,0.493,0.357,0.05,0.088,0.824,1961
0,0.497,0.356,0.049,0.087,0.739,1962
0,0.504,0.362,0.047,0.079,0.426,1963
0,0.519,0.346,0.056,0.095,0.797,1965
0,0.026,0.7,0.051,0.101,0.308,1967
0,0.528,0.348,0.041,0.085,0.582,1970
0,0.532,0.343,0.044,0.076,0.63,1971
0,0.534,0.346,0.046,0.086,0.813,1972
0,0.535,0.351,0.045,0.086,0.766,1973
0,0.537,0.356,0.049,0.088,0.756,1974
0,0.539,0.36,0.046,0.096,0.821,1975
0,0.541,0.363,0.047,0.093,0.828,1976
0,0.541,0.37,0.047,0.086,0.81,1977
0,0.541,0.383,0.044,0.081,0.831,1978
0,0.542,0.392,0.046,0.083,0.806,1979
0,0.54,0.403,0.049,0.084,0.822,1980
0,0.536,0.411,0.047,0.078,0.849,1981
0,0.535,0.425,0.049,0.076,0.836,1982
0,0.534,0.435,0.048,0.08,0.835,1983
0,0.53,0.445,0.047,0.075,0.878,1984
0,0.523,0.454,0.049,0.074,0.842,1985
0,0.517,0.462,0.054,0.079,0.845,1986
0,0.513,0.469,0.053,0.079,0.805,1987
0,0.508,0.475,0.055,0.078,0.822,1988
0,0.5,0.481,0.056,0.077,0.793,1989
0,0.494,0.483,0.054,0.079,0.873,1990
0,0.488,0.489,0.056,0.076,0.828,1991
0,0.482,0.495,0.057,0.082,0.865,1992
0,0.477,0.502,0.055,0.082,0.822,1993
0,0.47,0.509,0.052,0.079,0.828,1994
0,0.457,0.518,0.057,0.076,0.409,1995
0,0.446,0.531,0.05,0.078,0.535,1996
0,0.449,0.541,0.048,0.079,0.519,1997
0,0.444,0.546,0.053,0.079,0.789,1998
0,0.441,0.55,0.06,0.079,0.839,1999
0,0.428,0.553,0.045,0.074,0.715,2000
0,0.416,0.555,0.033,0.076,0.843,2001
0,0.412,0.556,0.037,0.074,0.718,2002
0,0.408,0.554,0.041,0.075,0.841,2003
0,0.402,0.55,0.034,0.076,0.836,2004
0,0.4,0.544,0.045,0.08,0.821,2005
0,0.396,0.542,0.043,0.082,0.79,2006
0,0.391,0.536,0.042,0.082,0.834,2007
0,0.388,0.53,0.046,0.093,0.665,2008
0,0.386,0.531,0.045,0.095,0.361,2009
0,0.381,0.531,0.054,0.097,0.693,2011
0,0.381,0.541,0.055,0.104,0.807,2012
0,0.38,0.549,0.053,0.102,0.71,2013
0,0.379,0.565,0.052,0.1,0.862,2014
0,0.382,0.578,0.05,0.096,0.892,2015
0,0.383,0.586,0.049,0.099,0.818,2016
0,0.386,0.6,0.046,0.098,0.78,2017
0,0.387,0.612,0.045,0.091,0.796,2018
0,0.391,0.626,0.053,0.091,0.772,2019
0,0.397,0.65,0.057,0.098,0.881,2020
0,0.399,0.671,0.053,0.112,0.834,2021
0,0.406,0.689,0.049,0.114,0.851,2022
0,0.416,0.711,0.061,0.121,0.849,2023
0,0.426,0.734,0.068,0.113,0.811,2024
0,0.433,0.762,0.059,0.118,0.746,2025
0,0.438,0.789,0.061,0.114,0.87,2026
0,0.45,0.817,0.064,0.107,0.738,2027
0,0.472,0.874,0.054,0.117,0.746,2029
0,0.48,0.913,0.054,0.144,0.53,2030
0,0.489,0.945,0.048,0.111,0.873,2031
0,0.501,0.962,0.052,0.075,0.78,2032
0,0.505,0.976,0.06,0.048,0.375,2033
0,0.419,0.983,0.066,0.034,0.278,2067
0,0.416,0.977,0.064,0.046,0.776,2068
0,0.41,0.968,0.078,0.063,0.817,2069
0,0.409,0.961,0.075,0.078,0.737,2070
0,0.411,0.952,0.08,0.096,0.793,2071
0,0.405,0.948,0.067,0.105,0.805,2072
0,0.407,0.942,0.061,0.117,0.827,2073
0,0.408,0.935,0.053,0.13,0.666,2074
0,0.41,0.92,0.062,0.125,0.687,2075
0,0.411,0.919,0.067,0.163,0.584,2076
0,0.413,0.912,0.074,0.175,0.796,2077
0,0.41,0.902,0.074,0.197,0.368,2078
0,0.418,0.878,0.067,0.167,0.393,2079
0,0.426,0.853,0.073,0.124,0.508,2080
0,0.44,0.838,0.058,0.111,0.819,2081
0,0.444,0.825,0.062,0.125,0.859,2082
0,0.45,0.816,0.067,0.113,0.844,2083
0,0.458,0.817,0.064,0.11,0.825,2084
0,0.464,0.816,0.064,0.111,0.848,2085
0,0.47,0.816,0.068,0.109,0.844,2086
0,0.479,0.824,0.067,0.104,0.84,2087
0,0.483,0.833,0.066,0.099,0.856,2088
0,0.489,0.841,0.066,0.096,0.688,2089
0,0.5,0.851,0.071,0.108,0.794,2090
0,0.507,0.865,0.076,0.11,0.841,2091
0,0.513,0.9,0.07,0.151,0.665,2092
0,0.528,0.888,0.074,0.106,0.862,2093
0,0.534,0.901,0.072,0.112,0.826,2094
0,0.547,0.915,0.075,0.11,0.812,2095
0,0.558,0.926,0.078,0.115,0.762,2096
0,0.569,0.94,0.078,0.119,0.869,2097
0,0.574,0.946,0.072,0.108,0.872,2098
0,0.581,0.949,0.074,0.103,0.774,2099
0,0.586,0.952,0.065,0.095,0.798,2100
0,0.589,0.954,0.062,0.093,0.787,2101
0,0.598,0.954,0.063,0.092,0.611,2102
0,0.608,0.955,0.063,0.09,0.835,2103
0,0.612,0.952,0.062,0.095,0.859,2104
0,0.62,0.952,0.069,0.097,0.848,2105
0,0.625,0.945,0.061,0.11,0.845,2106
0,0.627,0.94,0.056,0.121,0.833,2107
0,0.624,0.943,0.062,0.113,0.809,2108
0,0.627,0.926,0.05,0.148,0.853,2109
0,0.627,0.908,0.048,0.151,0.742,2110
0,0.628,0.89,0.047,0.141,0.848,2111
0,0.627,0.871,0.05,0.142,0.79,2112
0,0.623,0.849,0.056,0.126,0.831,2113
0,0.62,0.827,0.057,0.122,0.845,2114
0,0.617,0.81,0.059,0.111,0.833,2115
0,0.611,0.791,0.062,0.111,0.87,2116
0,0.606,0.775,0.065,0.106,0.879,2117
0,0.6,0.764,0.067,0.101,0.83,2118
0,0.593,0.746,0.07,0.103,0.783,2119
0,0.585,0.733,0.067,0.099,0.736,2120
0,0.581,0.721,0.067,0.095,0.545,2121
0,0.566,0.69,0.067,0.09,0.279,2123
0,0.567,0.684,0.056,0.094,0.445,2124
0,0.565,0.674,0.065,0.091,0.598,2125
0,0.555,0.661,0.094,0.097,0.614,2126
0,0.552,0.655,0.079,0.094,0.806,2127
0,0.549,0.647,0.075,0.098,0.788,2128
0,0.542,0.634,0.058,0.092,0.804,2129
0,0.539,0.621,0.057,0.091,0.687,2130
0,0.535,0.61,0.048,0.088,0.69,2131
0,0.53,0.587,0.042,0.071,0.445,2132
0,0.529,0.573,0.042,0.077,0.581,2133
0,0.525,0.561,0.04,0.083,0.516,2134
0,0.517,0.532,0.041,0.087,0.665,2136
0,0.514,0.492,0.037,0.085,0.522,2138
0,0.511,0.473,0.042,0.086,0.542,2139
0,0.508,0.459,0.04,0.094,0.768,2140
0,0.506,0.437,0.042,0.093,0.452,2141
0,0.501,0.41,0.051,0.119,0.659,2142
0,0.492,0.407,0.07,0.123,0.4,2143
0,0.494,0.389,0.066,0.096,0.581,2144
0,0.493,0.363,0.062,0.1,0.308,2145
0,0.49,0.337,0.058,0.09,0.464,2146
0,0.485,0.3,0.06,0.102,0.873,2147
0,0.482,0.274,0.066,0.107,0.877,2148
0,0.482,0.238,0.068,0.108,0.867,2149
0,0.481,0.207,0.073,0.132,0.82,2150
0,0.479,0.153,0.079,0.121,0.764,2151
0,0.474,0.113,0.076,0.129,0.748,2152
0,0.474,0.071,0.079,0.134,0.815,2153
0,0.472,0.052,0.082,0.105,0.609,2154
0,0.481,0.07,0.086,0.14,0.579,2160
0,0.483,0.119,0.08,0.163,0.705,2161
0,0.487,0.188,0.075,0.162,0.784,2162
0,0.491,0.276,0.073,0.17,0.794,2163
0,0.494,0.357,0.072,0.164,0.809,2164
0,0.502,0.459,0.065,0.157,0.861,2165
0,0.511,0.557,0.059,0.155,0.623,2166
0,0.518,0.665,0.055,0.151,0.783,2167
0,0.521,0.768,0.064,0.139,0.582,2168
0,0.532,0.89,0.105,0.219,0.697,2169
0,0.437,0.987,0.044,0.026,0.308,2178
0,0.417,0.97,0.066,0.06,0.275,2179
0,0.39,0.951,0.088,0.098,0.843,2180
0,0.366,0.932,0.086,0.136,0.856,2181
0,0.346,0.899,0.086,0.143,0.855,2182
0,0.329,0.865,0.086,0.133,0.813,2183
0,0.313,0.835,0.09,0.139,0.769,2184
0,0.301,0.815,0.08,0.125,0.834,2185
0,0.293,0.795,0.08,0.118,0.8,2186
0,0.289,0.782,0.076,0.123,0.786,2187
0,0.297,0.771,0.078,0.121,0.8,2188
0,0.295,0.757,0.062,0.106,0.804,2189
0,0.301,0.744,0.062,0.114,0.854,2190
0,0.311,0.742,0.059,0.101,0.851,2191
0,0.316,0.736,0.054,0.094,0.842,2192
0,0.324,0.73,0.049,0.093,0.853,2193
0,0.332,0.728,0.049,0.09,0.824,2194
0,0.337,0.723,0.045,0.081,0.785,2195
0,0.343,0.719,0.042,0.077,0.846,2196
0,0.347,0.706,0.043,0.075,0.703,2197
0,0.352,0.699,0.044,0.072,0.637,2198
0,0.027,0.945,0.054,0.109,0.563,2199
0,0.028,0.945,0.055,0.11,0.37,2200
0,0.357,0.656,0.031,0.071,0.314,2201
0,0.357,0.639,0.031,0.078,0.587,2202
0,0.357,0.628,0.03,0.075,0.63,2203
0,0.357,0.605,0.032,0.077,0.354,2204
0,0.36,0.596,0.037,0.079,0.787,2205
0,0.36,0.583,0.039,0.083,0.804,2206
0,0.36,0.57,0.035,0.075,0.804,2207
0,0.362,0.558,0.035,0.079,0.854,2208
0,0.363,0.548,0.037,0.081,0.823,2209
0,0.364,0.541,0.039,0.082,0.823,2210
0,0.367,0.54,0.045,0.085,0.814,2211
0,0.372,0.539,0.046,0.086,0.812,2212
0,0.376,0.541,0.049,0.088,0.832,2213
0,0.379,0.544,0.048,0.09,0.861,2214
0,0.383,0.546,0.049,0.09,0.847,2215
0,0.389,0.549,0.05,0.093,0.826,2216
0,0.393,0.56,0.054,0.088,0.851,2217
0,0.396,0.569,0.054,0.088,0.837,2218
0,0.398,0.575,0.054,0.089,0.855,2219
0,0.402,0.581,0.057,0.093,0.855,2220
0,0.403,0.586,0.06,0.096,0.854,2221
0,0.405,0.598,0.061,0.095,0.847,2222
0,0.405,0.611,0.064,0.1,0.839,2223
0,0.404,0.621,0.064,0.099,0.858,2224
0,0.402,0.634,0.064,0.108,0.85,2225
0,0.401,0.651,0.067,0.101,0.844,2226
0,0.399,0.658,0.067,0.102,0.847,2227
0,0.398,0.667,0.064,0.105,0.842,2228
0,0.394,0.678,0.063,0.107,0.848,2229
0,0.389,0.683,0.064,0.108,0.865,2230
0,0.387,0.688,0.065,0.104,0.875,2231
0,0.382,0.693,0.067,0.105,0.861,2232
0,0.377,0.695,0.067,0.101,0.844,2233
0,0.375,0.694,0.064,0.102,0.846,2234
0,0.367,0.692,0.067,0.106,0.879,2235
0,0.358,0.69,0.069,0.1,0.853,2236
0,0.348,0.682,0.067,0.106,0.877,2237
0,0.338,0.671,0.069,0.101,0.841,2238
0,0.327,0.659,0.068,0.102,0.864,2239
0,0.315,0.65,0.069,0.099,0.802,2240
0,0.3,0.633,0.07,0.096,0.286,2241
0,0.283,0.62,0.062,0.096,0.809,2242
0,0.272,0.61,0.07,0.103,0.843,2243
0,0.256,0.593,0.076,0.106,0.809,2244
0,0.245,0.585,0.076,0.105,0.729,2245
0,0.235,0.583,0.078,0.105,0.845,2246
0,0.224,0.582,0.077,0.109,0.852,2247
0,0.216,0.588,0.081,0.112,0.85,2248
0,0.208,0.592,0.081,0.117,0.801,2249
0,0.199,0.598,0.078,0.12,0.869,2250
0,0.193,0.609,0.078,0.114,0.852,2251
0,0.184,0.616,0.077,0.109,0.842,2252
0,0.179,0.624,0.079,0.111,0.882,2253
0,0.175,0.63,0.081,0.117,0.858,2254
0,0.172,0.636,0.083,0.119,0.82,2255
0,0.168,0.645,0.083,0.112,0.846,2256
0,0.165,0.652,0.081,0.106,0.837,2257
0,0.163,0.658,0.084,0.108,0.816,2258
0,0.16,0.669,0.084,0.116,0.838,2259
0,0.156,0.687,0.083,0.111,0.862,2260
0,0.157,0.707,0.085,0.119,0.847,2261
0,0.156,0.737,0.086,0.115,0.845,2262
0,0.155,0.765,0.087,0.112,0.839,2263
0,0.154,0.801,0.089,0.111,0.843,2264
0,0.158,0.833,0.093,0.117,0.791,2265
0,0.158,0.869,0.095,0.119,0.808,2266
0,0.158,0.906,0.096,0.121,0.766,2267
0,0.154,0.941,0.092,0.118,0.786,2268
0,0.469,0.97,0.05,0.06,0.848,2307
0,0.464,0.95,0.053,0.1,0.857,2308
0,0.465,0.926,0.051,0.133,0.869,2309
0,0.465,0.888,0.053,0.131,0.861,2310
0,0.467,0.85,0.056,0.131,0.834,2311
0,0.469,0.816,0.056,0.124,0.826,2312
0,0.472,0.788,0.058,0.126,0.828,2313
0,0.476,0.765,0.058,0.115,0.791,2314
0,0.477,0.75,0.062,0.121,0.823,2315
0,0.48,0.739,0.06,0.111,0.842,2316
0,0.482,0.734,0.062,0.106,0.865,2317
0,0.484,0.733,0.062,0.1,0.823,2318
0,0.487,0.734,0.065,0.099,0.81,2319
0,0.491,0.737,0.064,0.099,0.819,2320
0,0.493,0.744,0.065,0.094,0.829,2321
0,0.495,0.747,0.063,0.09,0.825,2322
0,0.497,0.749,0.062,0.089,0.833,2323
0,0.497,0.752,0.06,0.087,0.835,2324
0,0.499,0.754,0.059,0.082,0.835,2325
0,0.5,0.757,0.059,0.083,0.832,2326
0,0.5,0.759,0.059,0.084,0.834,2327
0,0.501,0.761,0.059,0.086,0.839,2328
0,0.503,0.763,0.058,0.088,0.858,2329
0,0.507,0.764,0.056,0.089,0.842,2330
0,0.508,0.77,0.056,0.091,0.84,2331
0,0.51,0.777,0.057,0.085,0.836,2332
0,0.51,0.786,0.054,0.088,0.857,2333
0,0.513,0.786,0.053,0.087,0.84,2334
0,0.514,0.783,0.048,0.089,0.799,2335
0,0.513,0.788,0.046,0.091,0.841,2336
0,0.511,0.802,0.039,0.092,0.843,2337
0,0.513,0.807,0.033,0.1,0.766,2338
0,0.511,0.816,0.04,0.113,0.837,2339
0,0.514,0.817,0.048,0.106,0.8,2340
0,0.515,0.818,0.05,0.099,0.805,2341
0,0.516,0.818,0.054,0.097,0.814,2342
0,0.514,0.817,0.059,0.098,0.822,2343
0,0.514,0.823,0.062,0.098,0.854,2344
0,0.514,0.83,0.063,0.093,0.85,2345
0,0.514,0.835,0.063,0.093,0.845,2346
0,0.514,0.837,0.063,0.102,0.851,2347
0,0.516,0.834,0.064,0.104,0.853,2348
0,0.518,0.828,0.066,0.103,0.865,2349
0,0.52,0.816,0.066,0.103,0.844,2350
0,0.524,0.808,0.067,0.1,0.837,2351
0,0.526,0.8,0.072,0.111,0.857,2352
0,0.527,0.793,0.073,0.123,0.868,2353
0,0.533,0.787,0.067,0.129,0.841,2354
0,0.534,0.784,0.065,0.133,0.835,2355
0,0.533,0.784,0.061,0.132,0.829,2356
0,0.532,0.785,0.058,0.129,0.831,2357
0,0.533,0.787,0.052,0.124,0.816,2358
0,0.53,0.787,0.045,0.127,0.833,2359
0,0.53,0.787,0.041,0.13,0.818,2360
0,0.528,0.792,0.044,0.134,0.763,2361
0,0.525,0.796,0.051,0.135,0.815,2362
0,0.522,0.798,0.058,0.126,0.826,2363
0,0.52,0.801,0.06,0.118,0.807,2364
0,0.516,0.808,0.067,0.116,0.812,2365
0,0.512,0.813,0.072,0.118,0.835,2366
0,0.507,0.822,0.073,0.122,0.853,2367
0,0.5,0.834,0.072,0.115,0.837,2368
0,0.494,0.844,0.075,0.108,0.811,2369
0,0.491,0.848,0.075,0.11,0.837,2370
0,0.489,0.858,0.077,0.113,0.856,2371
0,0.486,0.873,0.076,0.105,0.856,2372
0,0.482,0.881,0.074,0.105,0.824,2373
0,0.48,0.892,0.074,0.12,0.826,2374
0,0.477,0.906,0.075,0.119,0.839,2375
0,0.476,0.922,0.069,0.122,0.827,2376
0,0.477,0.933,0.067,0.13,0.821,2377
0,0.478,0.94,0.061,0.12,0.836,2378
0,0.48,0.949,0.057,0.102,0.841,2379
0,0.48,0.953,0.052,0.093,0.801,2380
0,0.48,0.959,0.049,0.082,0.802,2381
0,0.481,0.962,0.045,0.077,0.805,2382
0,0.482,0.963,0.045,0.074,0.806,2383
0,0.482,0.966,0.047,0.069,0.804,2384
0,0.484,0.966,0.051,0.067,0.827,2385
0,0.486,0.963,0.056,0.073,0.877,2386
0,0.489,0.961,0.058,0.078,0.864,2387
0,0.496,0.953,0.07,0.093,0.858,2388
0,0.498,0.949,0.073,0.102,0.836,2389
0,0.501,0.942,0.078,0.117,0.821,2390
0,0.507,0.925,0.078,0.116,0.846,2391
0,0.509,0.905,0.079,0.118,0.861,2392
0,0.514,0.885,0.074,0.118,0.868,2393
0,0.518,0.857,0.074,0.126,0.858,2394
0,0.525,0.836,0.077,0.123,0.795,2395
0,0.53,0.816,0.078,0.121,0.87,2396
0,0.533,0.792,0.076,0.123,0.866,2397
0,0.536,0.778,0.074,0.129,0.857,2398
0,0.537,0.762,0.071,0.129,0.837,2399
0,0.54,0.748,0.066,0.13,0.82,2400
0,0.542,0.738,0.062,0.12,0.833,2401
0,0.542,0.729,0.059,0.119,0.822,2402
0,0.542,0.72,0.055,0.118,0.827,2403
0,0.544,0.708,0.049,0.12,0.781,2404
0,0.543,0.701,0.045,0.112,0.789,2405
0,0.539,0.695,0.041,0.111,0.755,2406
0,0.537,0.686,0.044,0.115,0.766,2407
0,0.538,0.671,0.043,0.116,0.772,2408
0,0.537,0.664,0.044,0.109,0.79,2409
0,0.534,0.658,0.048,0.104,0.806,2410
0,0.533,0.65,0.051,0.106,0.838,2411
0,0.53,0.644,0.055,0.106,0.846,2412
0,0.528,0.632,0.056,0.101,0.851,2413
0,0.525,0.623,0.059,0.1,0.852,2414
0,0.526,0.618,0.058,0.096,0.849,2415
0,0.525,0.602,0.058,0.093,0.868,2416
0,0.523,0.585,0.059,0.093,0.828,2417
0,0.522,0.569,0.059,0.094,0.853,2418
0,0.52,0.549,0.061,0.092,0.797,2419
0,0.518,0.536,0.057,0.09,0.823,2420
0,0.516,0.518,0.058,0.095,0.818,2421
0,0.514,0.501,0.056,0.089,0.841,2422
0,0.508,0.482,0.056,0.091,0.837,2423
0,0.503,0.466,0.057,0.091,0.876,2424
0,0.501,0.448,0.056,0.085,0.84,2425
0,0.498,0.435,0.056,0.088,0.838,2426
0,0.495,0.423,0.051,0.085,0.854,2427
0,0.49,0.407,0.051,0.087,0.819,2428
0,0.488,0.4,0.047,0.091,0.835,2429
0,0.485,0.394,0.046,0.085,0.833,2430
0,0.483,0.393,0.043,0.082,0.817,2431
0,0.484,0.394,0.039,0.081,0.766,2432
0,0.48,0.401,0.04,0.088,0.711,2433
0,0.478,0.399,0.037,0.089,0.753,2434
0,0.476,0.405,0.036,0.084,0.315,2435
0,0.472,0.405,0.033,0.075,0.355,2436
0,0.472,0.415,0.031,0.082,0.506,2437
0,0.472,0.422,0.035,0.083,0.829,2438
0,0.473,0.428,0.039,0.08,0.776,2439
0,0.472,0.429,0.042,0.079,0.797,2440
0,0.473,0.431,0.044,0.08,0.8,2441
0,0.475,0.436,0.042,0.082,0.816,2442
0,0.479,0.443,0.045,0.081,0.804,2443
0,0.485,0.447,0.044,0.079,0.857,2444
0,0.489,0.452,0.043,0.076,0.876,2445
0,0.491,0.459,0.048,0.077,0.84,2446
0,0.494,0.464,0.048,0.078,0.804,2447
0,0.5,0.466,0.049,0.076,0.77,2448
0,0.503,0.474,0.049,0.08,0.744,2449
0,0.509,0.476,0.047,0.07,0.844,2450
0,0.515,0.48,0.051,0.068,0.793,2451
0,0.518,0.486,0.054,0.078,0.794,2452
0,0.52,0.489,0.052,0.074,0.8,2453
0,0.524,0.486,0.051,0.07,0.762,2454
0,0.529,0.489,0.051,0.084,0.862,2455
0,0.533,0.488,0.048,0.08,0.846,2456
0,0.535,0.486,0.049,0.079,0.857,2457
0,0.535,0.485,0.049,0.078,0.84,2458
0,0.536,0.485,0.051,0.078,0.837,2459
0,0.538,0.487,0.052,0.079,0.841,2460
0,0.539,0.487,0.053,0.079,0.834,2461
0,0.54,0.489,0.054,0.08,0.846,2462
0,0.541,0.491,0.053,0.08,0.846,2463
0,0.541,0.493,0.053,0.079,0.842,2464
0,0.542,0.495,0.051,0.08,0.832,2465
0,0.543,0.496,0.051,0.08,0.827,2466
0,0.542,0.498,0.051,0.082,0.822,2467
0,0.54,0.498,0.052,0.081,0.827,2468
0,0.539,0.495,0.053,0.08,0.846,2469
0,0.537,0.49,0.05,0.079,0.84,2470
0,0.535,0.485,0.048,0.08,0.853,2471
0,0.535,0.482,0.047,0.081,0.829,2472
0,0.534,0.478,0.047,0.088,0.814,2473
0,0.533,0.481,0.046,0.085,0.822,2474
0,0.533,0.483,0.045,0.083,0.835,2475
0,0.535,0.486,0.048,0.081,0.841,2476
0,0.536,0.49,0.049,0.079,0.837,2477
0,0.535,0.494,0.048,0.081,0.833,2478
0,0.535,0.497,0.048,0.082,0.827,2479
0,0.535,0.499,0.048,0.083,0.827,2480
0,0.535,0.501,0.048,0.084,0.829,2481
0,0.535,0.504,0.048,0.086,0.816,2482
0,0.535,0.511,0.048,0.084,0.789,2483
0,0.537,0.519,0.048,0.08,0.841,2484
0,0.537,0.531,0.047,0.083,0.819,2485
0,0.537,0.543,0.049,0.087,0.793,2486
0,0.536,0.554,0.047,0.083,0.842,2487
0,0.535,0.562,0.046,0.082,0.843,2488
0,0.535,0.574,0.048,0.084,0.833,2489
0,0.533,0.58,0.045,0.085,0.823,2490
0,0.53,0.589,0.044,0.084,0.818,2491
0,0.527,0.598,0.046,0.084,0.838,2492
0,0.522,0.609,0.047,0.081,0.818,2493
0,0.516,0.617,0.047,0.085,0.78,2494
0,0.513,0.624,0.046,0.083,0.818,2495
0,0.507,0.629,0.046,0.082,0.816,2496
0,0.503,0.631,0.048,0.084,0.805,2497
0,0.498,0.631,0.051,0.081,0.818,2498
0,0.493,0.63,0.048,0.08,0.851,2499
0,0.485,0.63,0.049,0.082,0.833,2500
0,0.482,0.628,0.05,0.082,0.824,2501
0,0.476,0.63,0.053,0.08,0.848,2502
0,0.474,0.631,0.052,0.086,0.842,2503
0,0.47,0.632,0.052,0.087,0.851,2504
0,0.468,0.633,0.054,0.09,0.859,2505
0,0.466,0.638,0.056,0.096,0.869,2506
0,0.466,0.648,0.057,0.092,0.852,2507
0,0.466,0.653,0.058,0.093,0.836,2508
0,0.466,0.656,0.058,0.096,0.846,2509
0,0.465,0.661,0.058,0.095,0.842,2510
0,0.467,0.67,0.06,0.093,0.84,2511
0,0.469,0.674,0.062,0.097,0.855,2512
0,0.469,0.68,0.064,0.105,0.851,2513
0,0.47,0.688,0.064,0.101,0.85,2514
0,0.473,0.694,0.065,0.102,0.85,2515
0,0.473,0.709,0.066,0.107,0.863,2516
0,0.473,0.727,0.065,0.101,0.858,2517
0,0.474,0.735,0.067,0.107,0.864,2518
0,0.477,0.758,0.063,0.105,0.86,2519
0,0.481,0.766,0.066,0.103,0.836,2520
0,0.483,0.771,0.066,0.102,0.835,2521
0,0.485,0.779,0.068,0.107,0.84,2522
0,0.487,0.787,0.071,0.106,0.851,2523
0,0.491,0.787,0.069,0.111,0.848,2524
0,0.492,0.788,0.068,0.108,0.85,2525
0,0.494,0.789,0.068,0.11,0.859,2526
0,0.495,0.79,0.068,0.109,0.861,2527
0,0.496,0.785,0.069,0.115,0.865,2528
0,0.498,0.783,0.069,0.115,0.847,2529
0,0.498,0.781,0.068,0.118,0.843,2530
0,0.497,0.776,0.067,0.114,0.858,2531
0,0.496,0.771,0.066,0.107,0.851,2532
0,0.493,0.765,0.065,0.105,0.868,2533
0,0.494,0.753,0.063,0.106,0.848,2534
0,0.017,0.102,0.034,0.162,0.839,2535
0,0.496,0.724,0.056,0.101,0.85,2536
0,0.498,0.702,0.058,0.1,0.816,2537
0,0.497,0.687,0.055,0.094,0.836,2538
0,0.498,0.665,0.052,0.099,0.793,2539
0,0.027,0.14,0.053,0.186,0.824,2540
0,0.028,0.152,0.056,0.17,0.831,2541
0,0.499,0.613,0.04,0.092,0.762,2542
0,0.03,0.171,0.061,0.189,0.809,2543
0,0.032,0.173,0.063,0.208,0.772,2544
0,0.034,0.198,0.067,0.192,0.792,2545
0,0.034,0.206,0.069,0.193,0.778,2546
0,0.035,0.219,0.069,0.208,0.766,2547
0,0.035,0.234,0.071,0.201,0.686,2548
0,0.036,0.25,0.072,0.205,0.738,2549
0,0.037,0.269,0.074,0.202,0.699,2550
0,0.497,0.428,0.037,0.081,0.79,2551
0,0.498,0.405,0.039,0.078,0.816,2552
0,0.497,0.379,0.04,0.078,0.801,2553
0,0.497,0.359,0.041,0.081,0.795,2554
0,0.043,0.377,0.087,0.185,0.802,2555
0,0.499,0.322,0.043,0.08,0.805,2556
0,0.497,0.307,0.045,0.073,0.813,2557
0,0.498,0.295,0.045,0.076,0.838,2558
0,0.499,0.282,0.045,0.08,0.794,2559
0,0.501,0.275,0.047,0.074,0.793,2560
0,0.501,0.271,0.047,0.068,0.747,2561
0,0.502,0.268,0.047,0.07,0.716,2562
0,0.501,0.27,0.048,0.071,0.73,2563
0,0.501,0.272,0.048,0.071,0.743,2564
0,0.502,0.278,0.047,0.074,0.757,2565
0,0.503,0.288,0.046,0.066,0.75,2566
0,0.504,0.295,0.044,0.068,0.702,2567
0,0.506,0.305,0.042,0.065,0.675,2568
0,0.507,0.314,0.046,0.069,0.77,2569
0,0.509,0.329,0.042,0.069,0.835,2570
0,0.511,0.345,0.039,0.064,0.773,2571
0,0.513,0.364,0.041,0.065,0.812,2572
0,0.517,0.383,0.035,0.065,0.741,2573
0,0.52,0.404,0.036,0.063,0.77,2574
0,0.521,0.426,0.037,0.066,0.782,2575
0,0.525,0.446,0.037,0.068,0.776,2576
0,0.533,0.465,0.034,0.064,0.68,2577
0,0.536,0.485,0.032,0.065,0.53,2578
0,0.536,0.508,0.041,0.07,0.777,2579
0,0.54,0.526,0.038,0.07,0.758,2580
0,0.542,0.542,0.04,0.073,0.785,2581
0,0.55,0.559,0.03,0.079,0.81,2582
0,0.555,0.575,0.031,0.076,0.793,2583
0,0.559,0.59,0.042,0.073,0.844,2584
0,0.565,0.603,0.048,0.071,0.8,2585
0,0.566,0.616,0.048,0.081,0.81,2586
0,0.567,0.632,0.048,0.076,0.852,2587
0,0.566,0.644,0.046,0.073,0.837,2588
0,0.567,0.663,0.034,0.077,0.835,2589
0,0.561,0.678,0.028,0.072,0.71,2590
0,0.559,0.692,0.037,0.082,0.804,2591
0,0.553,0.705,0.042,0.074,0.878,2592
0,0.549,0.713,0.047,0.076,0.854,2593
0,0.543,0.723,0.049,0.078,0.821,2594
0,0.535,0.732,0.049,0.08,0.792,2595
0,0.528,0.741,0.039,0.083,0.8,2596
0,0.519,0.745,0.028,0.081,0.788,2597
0,0.51,0.752,0.034,0.083,0.791,2598
0,0.503,0.757,0.045,0.081,0.819,2599
0,0.495,0.761,0.052,0.085,0.826,2600
0,0.482,0.763,0.053,0.086,0.824,2601
0,0.472,0.764,0.052,0.088,0.818,2602
0,0.458,0.772,0.049,0.085,0.819,2603
0,0.446,0.777,0.035,0.085,0.784,2604
0,0.432,0.773,0.033,0.084,0.763,2605
0,0.423,0.779,0.041,0.083,0.791,2606
0,0.41,0.776,0.049,0.081,0.848,2607
0,0.398,0.772,0.051,0.085,0.842,2608
0,0.388,0.765,0.05,0.085,0.8,2609
0,0.378,0.761,0.05,0.082,0.849,2610
0,0.369,0.757,0.045,0.083,0.824,2611
0,0.363,0.744,0.032,0.087,0.814,2612
0,0.355,0.741,0.035,0.084,0.815,2613
0,0.348,0.731,0.047,0.082,0.8,2614
0,0.342,0.723,0.05,0.083,0.843,2615
0,0.334,0.718,0.053,0.077,0.829,2616
0,0.327,0.706,0.05,0.078,0.861,2617
0,0.317,0.7,0.05,0.075,0.841,2618
0,0.308,0.692,0.043,0.082,0.805,2619
0,0.3,0.689,0.03,0.078,0.705,2620
0,0.288,0.677,0.03,0.076,0.795,2621
0,0.279,0.668,0.038,0.08,0.837,2622
0,0.268,0.655,0.046,0.081,0.804,2623
0,0.259,0.64,0.046,0.069,0.856,2624
0,0.252,0.627,0.049,0.076,0.83,2625
0,0.244,0.61,0.05,0.076,0.82,2626
0,0.238,0.595,0.042,0.076,0.843,2627
0,0.233,0.579,0.037,0.08,0.78,2628
0,0.229,0.56,0.026,0.076,0.827,2629
0,0.226,0.546,0.037,0.085,0.804,2630
0,0.222,0.533,0.047,0.078,0.837,2631
0,0.218,0.521,0.052,0.079,0.871,2632
0,0.216,0.51,0.054,0.087,0.825,2633
0,0.216,0.501,0.055,0.081,0.82,2634
0,0.217,0.494,0.055,0.073,0.852,2635
0,0.215,0.486,0.05,0.074,0.871,2636
0,0.217,0.478,0.043,0.073,0.786,2637
0,0.219,0.459,0.04,0.071,0.581,2640
0,0.22,0.451,0.049,0.073,0.647,2641
0,0.225,0.451,0.049,0.07,0.714,2642
0,0.231,0.449,0.052,0.077,0.591,2643
0,0.236,0.447,0.048,0.077,0.263,2644
0,0.242,0.444,0.047,0.08,0.659,2645
0,0.251,0.445,0.049,0.087,0.552,2646
0,0.255,0.442,0.047,0.086,0.662,2647
0,0.264,0.447,0.034,0.076,0.785,2648
0,0.276,0.453,0.03,0.087,0.812,2649
0,0.282,0.461,0.037,0.08,0.825,2650
0,0.289,0.467,0.042,0.082,0.8,2651
0,0.296,0.471,0.048,0.081,0.817,2652
0,0.303,0.476,0.049,0.078,0.833,2653
0,0.306,0.478,0.05,0.079,0.843,2654
0,0.307,0.479,0.05,0.078,0.851,2655
0,0.308,0.477,0.052,0.08,0.847,2656
0,0.31,0.475,0.052,0.078,0.822,2657
0,0.312,0.47,0.047,0.081,0.804,2658
0,0.31,0.466,0.043,0.08,0.798,2659
0,0.309,0.464,0.035,0.078,0.781,2660
0,0.306,0.461,0.031,0.076,0.79,2661
0,0.306,0.458,0.032,0.074,0.719,2662
0,0.304,0.451,0.038,0.076,0.82,2663
0,0.301,0.448,0.041,0.079,0.848,2664
0,0.295,0.448,0.046,0.078,0.79,2665
0,0.293,0.445,0.052,0.081,0.835,2666
0,0.287,0.445,0.049,0.08,0.813,2667
0,0.285,0.446,0.048,0.079,0.797,2668
0,0.283,0.448,0.049,0.079,0.853,2669
0,0.278,0.451,0.05,0.084,0.878,2670
0,0.275,0.454,0.049,0.079,0.846,2671
0,0.273,0.457,0.047,0.076,0.829,2672
0,0.271,0.46,0.04,0.078,0.82,2673
0,0.272,0.464,0.034,0.082,0.816,2674
0,0.273,0.465,0.028,0.08,0.774,2675
0,0.273,0.467,0.028,0.081,0.779,2676
0,0.272,0.468,0.031,0.082,0.809,2677
0,0.274,0.465,0.04,0.081,0.826,2678
0,0.276,0.46,0.041,0.078,0.821,2679
0,0.276,0.457,0.045,0.077,0.845,2680
0,0.278,0.453,0.047,0.079,0.867,2681
0,0.283,0.449,0.047,0.079,0.863,2682
0,0.286,0.447,0.05,0.077,0.841,2683
0,0.287,0.445,0.051,0.079,0.873,2684
0,0.288,0.441,0.051,0.079,0.843,2685
0,0.295,0.435,0.048,0.085,0.835,2686
0,0.3,0.43,0.049,0.084,0.839,2687
0,0.305,0.426,0.049,0.078,0.83,2688
0,0.307,0.421,0.049,0.076,0.84,2689
0,0.314,0.418,0.048,0.073,0.841,2690
0,0.32,0.411,0.045,0.078,0.862,2691
0,0.326,0.404,0.047,0.074,0.854,2692
0,0.331,0.399,0.043,0.077,0.811,2693
0,0.338,0.394,0.043,0.077,0.8,2694
0,0.344,0.39,0.04,0.076,0.853,2695
0,0.352,0.389,0.036,0.078,0.797,2696
0,0.361,0.389,0.034,0.074,0.766,2697
0,0.368,0.389,0.033,0.076,0.788,2698
0,0.373,0.389,0.032,0.076,0.742,2699
0,0.38,0.396,0.03,0.072,0.656,2700
0,0.385,0.402,0.031,0.079,0.744,2701
0,0.393,0.405,0.03,0.075,0.796,2702
0,0.402,0.406,0.03,0.08,0.673,2703
0,0.408,0.407,0.029,0.083,0.639,2704
0,0.412,0.408,0.03,0.076,0.724,2705
0,0.416,0.405,0.03,0.078,0.811,2706
0,0.425,0.402,0.033,0.081,0.774,2707
0,0.431,0.396,0.033,0.082,0.793,2708
0,0.436,0.392,0.035,0.081,0.779,2709
0,0.445,0.385,0.035,0.073,0.791,2710
0,0.449,0.377,0.036,0.077,0.762,2711
0,0.458,0.37,0.038,0.081,0.808,2712
0,0.469,0.363,0.038,0.084,0.797,2713
0,0.475,0.357,0.04,0.085,0.798,2714
0,0.478,0.358,0.04,0.087,0.789,2715
0,0.485,0.355,0.039,0.081,0.789,2716
0,0.488,0.356,0.041,0.083,0.813,2717
0,0.489,0.357,0.04,0.084,0.813,2718
0,0.491,0.357,0.042,0.084,0.843,2719
0,0.493,0.357,0.042,0.085,0.835,2720
0,0.494,0.359,0.042,0.086,0.822,2721
0,0.495,0.36,0.042,0.089,0.806,2722
0,0.496,0.36,0.041,0.09,0.805,2723
0,0.496,0.361,0.041,0.09,0.805,2724
0,0.496,0.364,0.04,0.088,0.82,2725
0,0.495,0.367,0.039,0.086,0.811,2726
0,0.494,0.367,0.037,0.088,0.782,2727
0,0.492,0.372,0.036,0.084,0.747,2728
0,0.491,0.372,0.035,0.087,0.704,2729
0,0.491,0.371,0.035,0.089,0.672,2730
0,0.489,0.37,0.034,0.091,0.638,2731
